link,email,name,add1,add2,city,state,postcode,phone,q1,q2,q3
https://www.surveymonkey.com/r/3PKFVVC,brent-weiss92@outlook.com,RANDOM mchefs,clinton dr,17A yav,Hollis,NH,03049,7504620761,ansq1,ansq2,ansq3
https://www.surveymonkey.com/r/3PKFVVC,estorga_brad@outlook.com,therealmchefs Cruz,Gold Pan Rd,11234,Charlotte,NC,28215,7347309547,ansq1,ansq2,ansq3
https://www.surveymonkey.com/r/3PKFVVC,George.Klay84@outlook.com,RANDOM mchefs,Brookfield Cir,11,Framingham,MA,01701,7607599057,ansq1,ansq2,ansq3
https://www.surveymonkey.com/r/3PKFVVC,Redline.Grover97@outlook.com,RANDOM mchefs,Brookfield Cir,11,Framingham,MA,01701,7438810781,ansq1,ansq2,ansq3
https://www.surveymonkey.com/r/3PKFVVC,roosevelt_gailun@outlook.com,RANDOM mchefs,clinton dr,17A yav,Hollis,NH,03049,7505277634,ansq1,ansq2,ansq3
https://www.surveymonkey.com/r/3PKFVVC,adangornto@outlook.com,therealmchefs Cruz,Gold Pan Rd,11234,Charlotte,NC,28215,7524203782,ansq1,ansq2,ansq3
https://www.surveymonkey.com/r/3PKFVVC,Zafar-Cornelius@outlook.com,therealmchefs Cruz,Gold Pan Rd,11234,Charlotte,NC,28215,7398200109,ansq1,ansq2,ansq3
https://www.surveymonkey.com/r/3PKFVVC,hardges-kirby@outlook.com,RANDOM mchefs,Brookfield Cir,11,Framingham,MA,01701,7531477397,ansq1,ansq2,ansq3
https://www.surveymonkey.com/r/3PKFVVC,Grammont_Cyril84@outlook.com,RANDOM mchefs,Brookfield Cir,11,Framingham,MA,01701,7267067817,ansq1,ansq2,ansq3
https://www.surveymonkey.com/r/3PKFVVC,janskywally95@outlook.com,RANDOM mchefs,Oakdale Ave,10,Nashua,NH,03062,7435082279,ansq1,ansq2,ansq3
https://www.surveymonkey.com/r/3PKFVVC,Sneller_Brigid98@outlook.com,RANDOM mchefs,Oakdale Ave,10,Nashua,NH,03062,7745009317,ansq1,ansq2,ansq3
https://www.surveymonkey.com/r/3PKFVVC,bo.vent@outlook.com,RANDOM mchefs,Brookfield Cir,11,Framingham,MA,01701,7899561475,ansq1,ansq2,ansq3
https://www.surveymonkey.com/r/3PKFVVC,jerrikufalk@outlook.com,therealmchefs Cruz,Gold Pan Rd,11234,Charlotte,NC,28215,7186943808,ansq1,ansq2,ansq3
https://www.surveymonkey.com/r/3PKFVVC,Ismael-Jank@outlook.com,RANDOM mchefs,Brookfield Cir,11,Framingham,MA,01701,7334551094,ansq1,ansq2,ansq3
https://www.surveymonkey.com/r/3PKFVVC,Paz.Bredy89@outlook.com,RANDOM mchefs,clinton dr,17A yav,Hollis,NH,03049,7186897109,ansq1,ansq2,ansq3
https://www.surveymonkey.com/r/3PKFVVC,Oriol_Hyman@outlook.com,RANDOM mchefs,Oakdale Ave,10,Nashua,NH,03062,7462269745,ansq1,ansq2,ansq3
https://www.surveymonkey.com/r/3PKFVVC,ParticiaPollen@outlook.com,RANDOM mchefs,Brookfield Cir,11,Framingham,MA,01701,7473649500,ansq1,ansq2,ansq3
https://www.surveymonkey.com/r/3PKFVVC,Labady_Romeo80@outlook.com,therealmchefs Cruz,Gold Pan Rd,11234,Charlotte,NC,28215,7266858242,ansq1,ansq2,ansq3
https://www.surveymonkey.com/r/3PKFVVC,Cleo.Caravello@outlook.com,RANDOM mchefs,Oakdale Ave,10,Nashua,NH,03062,7193364061,ansq1,ansq2,ansq3
https://www.surveymonkey.com/r/3PKFVVC,MantikDick@outlook.com,RANDOM mchefs,Oakdale Ave,10,Nashua,NH,03062,7978118500,ansq1,ansq2,ansq3
https://www.surveymonkey.com/r/3PKFVVC,lench_erich79@outlook.com,RANDOM mchefs,Brookfield Cir,11,Framingham,MA,01701,7698662201,ansq1,ansq2,ansq3
https://www.surveymonkey.com/r/3PKFVVC,Dillon-Utvik@outlook.com,therealmchefs Cruz,Gold Pan Rd,11234,Charlotte,NC,28215,7892738447,ansq1,ansq2,ansq3
https://www.surveymonkey.com/r/3PKFVVC,popovec-troy@outlook.com,therealmchefs Cruz,Gold Pan Rd,11234,Charlotte,NC,28215,7567964411,ansq1,ansq2,ansq3
https://www.surveymonkey.com/r/3PKFVVC,belongie-dalila@outlook.com,RANDOM mchefs,Brookfield Cir,11,Framingham,MA,01701,7073262150,ansq1,ansq2,ansq3
https://www.surveymonkey.com/r/3PKFVVC,reda-neuner93@outlook.com,RANDOM mchefs,Oakdale Ave,10,Nashua,NH,03062,7468535473,ansq1,ansq2,ansq3
https://www.surveymonkey.com/r/3PKFVVC,bajek_missy@outlook.com,RANDOM mchefs,Brookfield Cir,11,Framingham,MA,01701,7879207095,ansq1,ansq2,ansq3
https://www.surveymonkey.com/r/3PKFVVC,Ream-Theron@outlook.com,therealmchefs Cruz,Gold Pan Rd,11234,Charlotte,NC,28215,7805145913,ansq1,ansq2,ansq3
https://www.surveymonkey.com/r/3PKFVVC,Eckrote.Cruz@outlook.com,RANDOM mchefs,Brookfield Cir,11,Framingham,MA,01701,7631526011,ansq1,ansq2,ansq3
https://www.surveymonkey.com/r/3PKFVVC,EmeryValladares@outlook.com,RANDOM mchefs,Brookfield Cir,11,Framingham,MA,01701,7506722881,ansq1,ansq2,ansq3
https://www.surveymonkey.com/r/3PKFVVC,Randell-Menier95@outlook.com,RANDOM mchefs,clinton dr,17A yav,Hollis,NH,03049,7848533669,ansq1,ansq2,ansq3
https://www.surveymonkey.com/r/3PKFVVC,GillsVelva@outlook.com,RANDOM mchefs,Brookfield Cir,11,Framingham,MA,01701,7996958464,ansq1,ansq2,ansq3
https://www.surveymonkey.com/r/3PKFVVC,aldo.sprinkles@outlook.com,RANDOM mchefs,Oakdale Ave,10,Nashua,NH,03062,7067109214,ansq1,ansq2,ansq3
https://www.surveymonkey.com/r/3PKFVVC,rohweder.susanne@outlook.com,RANDOM mchefs,Oakdale Ave,10,Nashua,NH,03062,7921092401,ansq1,ansq2,ansq3
https://www.surveymonkey.com/r/3PKFVVC,kent-busick@outlook.com,RANDOM mchefs,Brookfield Cir,11,Framingham,MA,01701,7631432906,ansq1,ansq2,ansq3
https://www.surveymonkey.com/r/3PKFVVC,wilfredbaumer00@outlook.com,RANDOM mchefs,clinton dr,17A yav,Hollis,NH,03049,7277210621,ansq1,ansq2,ansq3
https://www.surveymonkey.com/r/3PKFVVC,ramiro_kneefe@outlook.com,therealmchefs Cruz,Gold Pan Rd,11234,Charlotte,NC,28215,7680975711,ansq1,ansq2,ansq3
https://www.surveymonkey.com/r/3PKFVVC,Plath_Claude@outlook.com,therealmchefs Cruz,Gold Pan Rd,11234,Charlotte,NC,28215,7652542738,ansq1,ansq2,ansq3
https://www.surveymonkey.com/r/3PKFVVC,HaywoodCanipe02@outlook.com,RANDOM mchefs,Oakdale Ave,10,Nashua,NH,03062,7038994105,ansq1,ansq2,ansq3
https://www.surveymonkey.com/r/3PKFVVC,Sarro-Mohammad90@outlook.com,RANDOM mchefs,Brookfield Cir,11,Framingham,MA,01701,7685068537,ansq1,ansq2,ansq3
https://www.surveymonkey.com/r/3PKFVVC,spratley_benedict@outlook.com,RANDOM mchefs,Brookfield Cir,11,Framingham,MA,01701,7148661521,ansq1,ansq2,ansq3
https://www.surveymonkey.com/r/3PKFVVC,merrilee_urbani94@outlook.com,RANDOM mchefs,Brookfield Cir,11,Framingham,MA,01701,7321905948,ansq1,ansq2,ansq3
https://www.surveymonkey.com/r/3PKFVVC,Meinhardt-Georgia02@outlook.com,RANDOM mchefs,Oakdale Ave,10,Nashua,NH,03062,7053917030,ansq1,ansq2,ansq3
https://www.surveymonkey.com/r/3PKFVVC,remona.babbel@outlook.com,RANDOM mchefs,Brookfield Cir,11,Framingham,MA,01701,7706287297,ansq1,ansq2,ansq3
https://www.surveymonkey.com/r/3PKFVVC,holroyd_ashly@outlook.com,therealmchefs Cruz,Gold Pan Rd,11234,Charlotte,NC,28215,7438459883,ansq1,ansq2,ansq3
https://www.surveymonkey.com/r/3PKFVVC,angustia.lester90@outlook.com,therealmchefs Cruz,Gold Pan Rd,11234,Charlotte,NC,28215,7611567234,ansq1,ansq2,ansq3
https://www.surveymonkey.com/r/3PKFVVC,Barbara-Nagelkirk@outlook.com,RANDOM mchefs,Brookfield Cir,11,Framingham,MA,01701,7860626019,ansq1,ansq2,ansq3
https://www.surveymonkey.com/r/3PKFVVC,StanAnez@outlook.com,therealmchefs Cruz,Gold Pan Rd,11234,Charlotte,NC,28215,7475386625,ansq1,ansq2,ansq3
https://www.surveymonkey.com/r/3PKFVVC,JeremyChait@outlook.com,RANDOM mchefs,Oakdale Ave,10,Nashua,NH,03062,7496983277,ansq1,ansq2,ansq3
https://www.surveymonkey.com/r/3PKFVVC,felton_saffel@outlook.com,RANDOM mchefs,Brookfield Cir,11,Framingham,MA,01701,7452536640,ansq1,ansq2,ansq3
https://www.surveymonkey.com/r/3PKFVVC,skomsky_ali90@outlook.com,therealmchefs Cruz,Gold Pan Rd,11234,Charlotte,NC,28215,7595324224,ansq1,ansq2,ansq3
https://www.surveymonkey.com/r/3PKFVVC,Rattell_Lucas@outlook.com,RANDOM mchefs,clinton dr,17A yav,Hollis,NH,03049,7117267534,ansq1,ansq2,ansq3
https://www.surveymonkey.com/r/3PKFVVC,Grotz_Lon99@outlook.com,RANDOM mchefs,Brookfield Cir,11,Framingham,MA,01701,7965818660,ansq1,ansq2,ansq3
https://www.surveymonkey.com/r/3PKFVVC,flamcoral@outlook.com,RANDOM mchefs,Brookfield Cir,11,Framingham,MA,01701,7558984734,ansq1,ansq2,ansq3
https://www.surveymonkey.com/r/3PKFVVC,corneliusgaron@outlook.com,therealmchefs Cruz,Gold Pan Rd,11234,Charlotte,NC,28215,7001806523,ansq1,ansq2,ansq3
https://www.surveymonkey.com/r/3PKFVVC,raleighabegg@outlook.com,RANDOM mchefs,clinton dr,17A yav,Hollis,NH,03049,7410926916,ansq1,ansq2,ansq3
https://www.surveymonkey.com/r/3PKFVVC,Kowalske.Noble@outlook.com,RANDOM mchefs,Oakdale Ave,10,Nashua,NH,03062,7377258248,ansq1,ansq2,ansq3
https://www.surveymonkey.com/r/3PKFVVC,Karapetian.Cyndy99@outlook.com,RANDOM mchefs,Oakdale Ave,10,Nashua,NH,03062,7185997014,ansq1,ansq2,ansq3
https://www.surveymonkey.com/r/3PKFVVC,jurisch_lyndsey@outlook.com,RANDOM mchefs,Brookfield Cir,11,Framingham,MA,01701,7076112432,ansq1,ansq2,ansq3
https://www.surveymonkey.com/r/3PKFVVC,dinabrasch@outlook.com,therealmchefs Cruz,Gold Pan Rd,11234,Charlotte,NC,28215,7426115934,ansq1,ansq2,ansq3
https://www.surveymonkey.com/r/3PKFVVC,eugenie_chmelik@outlook.com,RANDOM mchefs,Oakdale Ave,10,Nashua,NH,03062,7124147960,ansq1,ansq2,ansq3
https://www.surveymonkey.com/r/3PKFVVC,bodensteinerkhalilah93@outlook.com,RANDOM mchefs,clinton dr,17A yav,Hollis,NH,03049,7421589983,ansq1,ansq2,ansq3
https://www.surveymonkey.com/r/3PKFVVC,Redrick-Domitila95@outlook.com,RANDOM mchefs,Oakdale Ave,10,Nashua,NH,03062,7150281609,ansq1,ansq2,ansq3
https://www.surveymonkey.com/r/3PKFVVC,davis.nodd96@outlook.com,RANDOM mchefs,clinton dr,17A yav,Hollis,NH,03049,7971537948,ansq1,ansq2,ansq3
https://www.surveymonkey.com/r/3PKFVVC,bonebright.kimberlee98@outlook.com,therealmchefs Cruz,Gold Pan Rd,11234,Charlotte,NC,28215,7323675356,ansq1,ansq2,ansq3
https://www.surveymonkey.com/r/3PKFVVC,polen-minh88@outlook.com,RANDOM mchefs,Oakdale Ave,10,Nashua,NH,03062,7007151699,ansq1,ansq2,ansq3
https://www.surveymonkey.com/r/3PKFVVC,Tesler-Sheilah@outlook.com,RANDOM mchefs,Brookfield Cir,11,Framingham,MA,01701,7585141197,ansq1,ansq2,ansq3
https://www.surveymonkey.com/r/3PKFVVC,elayne.thibadeau93@outlook.com,RANDOM mchefs,Oakdale Ave,10,Nashua,NH,03062,7584928819,ansq1,ansq2,ansq3
https://www.surveymonkey.com/r/3PKFVVC,Agosti.Julius@outlook.com,RANDOM mchefs,clinton dr,17A yav,Hollis,NH,03049,7391693360,ansq1,ansq2,ansq3
https://www.surveymonkey.com/r/3PKFVVC,mattias.romeo92@outlook.com,RANDOM mchefs,clinton dr,17A yav,Hollis,NH,03049,7636511972,ansq1,ansq2,ansq3
https://www.surveymonkey.com/r/3PKFVVC,Coleson.Gladis@outlook.com,RANDOM mchefs,Brookfield Cir,11,Framingham,MA,01701,7154924526,ansq1,ansq2,ansq3
https://www.surveymonkey.com/r/3PKFVVC,Turnball_Craig80@outlook.com,RANDOM mchefs,Oakdale Ave,10,Nashua,NH,03062,7316059433,ansq1,ansq2,ansq3
https://www.surveymonkey.com/r/3PKFVVC,klara-sorce92@outlook.com,therealmchefs Cruz,Gold Pan Rd,11234,Charlotte,NC,28215,7854226803,ansq1,ansq2,ansq3
https://www.surveymonkey.com/r/3PKFVVC,NeilKochis96@outlook.com,RANDOM mchefs,clinton dr,17A yav,Hollis,NH,03049,7725383700,ansq1,ansq2,ansq3
https://www.surveymonkey.com/r/3PKFVVC,azotea_angele@outlook.com,RANDOM mchefs,Oakdale Ave,10,Nashua,NH,03062,7995213303,ansq1,ansq2,ansq3
https://www.surveymonkey.com/r/3PKFVVC,JuanaRivira92@outlook.com,RANDOM mchefs,Oakdale Ave,10,Nashua,NH,03062,7911383213,ansq1,ansq2,ansq3
https://www.surveymonkey.com/r/3PKFVVC,lochner.rosendo@outlook.com,RANDOM mchefs,clinton dr,17A yav,Hollis,NH,03049,7609148712,ansq1,ansq2,ansq3
https://www.surveymonkey.com/r/3PKFVVC,queenie.althauser@outlook.com,therealmchefs Cruz,Gold Pan Rd,11234,Charlotte,NC,28215,7612907503,ansq1,ansq2,ansq3
https://www.surveymonkey.com/r/3PKFVVC,ClorindaDoolan@outlook.com,RANDOM mchefs,Oakdale Ave,10,Nashua,NH,03062,7340303614,ansq1,ansq2,ansq3
https://www.surveymonkey.com/r/3PKFVVC,Xavier-Schatzman@outlook.com,therealmchefs Cruz,Gold Pan Rd,11234,Charlotte,NC,28215,7107772069,ansq1,ansq2,ansq3
https://www.surveymonkey.com/r/3PKFVVC,sterling_bechtel@outlook.com,RANDOM mchefs,Oakdale Ave,10,Nashua,NH,03062,7698325751,ansq1,ansq2,ansq3
https://www.surveymonkey.com/r/3PKFVVC,malachowski.lawrence@outlook.com,RANDOM mchefs,Oakdale Ave,10,Nashua,NH,03062,7433991224,ansq1,ansq2,ansq3
https://www.surveymonkey.com/r/3PKFVVC,Morgan_Simzer@outlook.com,therealmchefs Cruz,Gold Pan Rd,11234,Charlotte,NC,28215,7106568451,ansq1,ansq2,ansq3
https://www.surveymonkey.com/r/3PKFVVC,Kelsey-Wetz97@outlook.com,RANDOM mchefs,Oakdale Ave,10,Nashua,NH,03062,7317720329,ansq1,ansq2,ansq3
https://www.surveymonkey.com/r/3PKFVVC,Colton-Rueckert@outlook.com,RANDOM mchefs,clinton dr,17A yav,Hollis,NH,03049,7917179583,ansq1,ansq2,ansq3
https://www.surveymonkey.com/r/3PKFVVC,linzie-georgine81@outlook.com,RANDOM mchefs,clinton dr,17A yav,Hollis,NH,03049,7479372503,ansq1,ansq2,ansq3
https://www.surveymonkey.com/r/3PKFVVC,quincy.locust@outlook.com,therealmchefs Cruz,Gold Pan Rd,11234,Charlotte,NC,28215,7038446697,ansq1,ansq2,ansq3
https://www.surveymonkey.com/r/3PKFVVC,LemeryDerek02@outlook.com,therealmchefs Cruz,Gold Pan Rd,11234,Charlotte,NC,28215,7627896042,ansq1,ansq2,ansq3
https://www.surveymonkey.com/r/3PKFVVC,vanroekel_kiesha@outlook.com,RANDOM mchefs,clinton dr,17A yav,Hollis,NH,03049,7139830449,ansq1,ansq2,ansq3
https://www.surveymonkey.com/r/3PKFVVC,refugio-chinnery@outlook.com,RANDOM mchefs,clinton dr,17A yav,Hollis,NH,03049,7699057100,ansq1,ansq2,ansq3
https://www.surveymonkey.com/r/3PKFVVC,Myron-Courtenay96@outlook.com,RANDOM mchefs,Brookfield Cir,11,Framingham,MA,01701,7555522669,ansq1,ansq2,ansq3
https://www.surveymonkey.com/r/3PKFVVC,omar-forsberg@outlook.com,RANDOM mchefs,clinton dr,17A yav,Hollis,NH,03049,7765661206,ansq1,ansq2,ansq3
https://www.surveymonkey.com/r/3PKFVVC,Nicholle.Meeter81@outlook.com,RANDOM mchefs,Oakdale Ave,10,Nashua,NH,03062,7724338151,ansq1,ansq2,ansq3
https://www.surveymonkey.com/r/3PKFVVC,Mcgeady_Lucrecia01@outlook.com,RANDOM mchefs,clinton dr,17A yav,Hollis,NH,03049,7016229063,ansq1,ansq2,ansq3
https://www.surveymonkey.com/r/3PKFVVC,Mahung_Tresa84@outlook.com,therealmchefs Cruz,Gold Pan Rd,11234,Charlotte,NC,28215,7715760128,ansq1,ansq2,ansq3
https://www.surveymonkey.com/r/3PKFVVC,Golom_Vernon00@outlook.com,therealmchefs Cruz,Gold Pan Rd,11234,Charlotte,NC,28215,7778378466,ansq1,ansq2,ansq3
https://www.surveymonkey.com/r/3PKFVVC,Kendal.Modesitt@outlook.com,RANDOM mchefs,Brookfield Cir,11,Framingham,MA,01701,7177087356,ansq1,ansq2,ansq3
https://www.surveymonkey.com/r/3PKFVVC,reynaldo-lipham@outlook.com,RANDOM mchefs,clinton dr,17A yav,Hollis,NH,03049,7212343507,ansq1,ansq2,ansq3
https://www.surveymonkey.com/r/3PKFVVC,Wallack.Mario@outlook.com,RANDOM mchefs,Oakdale Ave,10,Nashua,NH,03062,7246264590,ansq1,ansq2,ansq3
https://www.surveymonkey.com/r/3PKFVVC,wonderwayne@outlook.com,RANDOM mchefs,clinton dr,17A yav,Hollis,NH,03049,7546143129,ansq1,ansq2,ansq3
https://www.surveymonkey.com/r/3PKFVVC,mandes_arthur@outlook.com,RANDOM mchefs,Oakdale Ave,10,Nashua,NH,03062,7968951182,ansq1,ansq2,ansq3
https://www.surveymonkey.com/r/3PKFVVC,Warner_Spieker00@outlook.com,RANDOM mchefs,Oakdale Ave,10,Nashua,NH,03062,7425161159,ansq1,ansq2,ansq3
https://www.surveymonkey.com/r/3PKFVVC,nacktrinidad95@outlook.com,RANDOM mchefs,clinton dr,17A yav,Hollis,NH,03049,7750438328,ansq1,ansq2,ansq3
https://www.surveymonkey.com/r/3PKFVVC,gleaton_glenn92@outlook.com,therealmchefs Cruz,Gold Pan Rd,11234,Charlotte,NC,28215,7165494614,ansq1,ansq2,ansq3
https://www.surveymonkey.com/r/3PKFVVC,abdul_payton@outlook.com,RANDOM mchefs,Brookfield Cir,11,Framingham,MA,01701,7749096106,ansq1,ansq2,ansq3
https://www.surveymonkey.com/r/3PKFVVC,deangelo-krejsa97@outlook.com,RANDOM mchefs,clinton dr,17A yav,Hollis,NH,03049,7284299953,ansq1,ansq2,ansq3
https://www.surveymonkey.com/r/3PKFVVC,Cindi-Castanada79@outlook.com,RANDOM mchefs,Oakdale Ave,10,Nashua,NH,03062,7840105143,ansq1,ansq2,ansq3
https://www.surveymonkey.com/r/3PKFVVC,gonzaloboll@outlook.com,RANDOM mchefs,clinton dr,17A yav,Hollis,NH,03049,7184952417,ansq1,ansq2,ansq3
https://www.surveymonkey.com/r/3PKFVVC,Charlotte-Murakawa90@outlook.com,RANDOM mchefs,Brookfield Cir,11,Framingham,MA,01701,7613805390,ansq1,ansq2,ansq3
https://www.surveymonkey.com/r/3PKFVVC,phelpsmarshall76@outlook.com,RANDOM mchefs,Brookfield Cir,11,Framingham,MA,01701,7468171964,ansq1,ansq2,ansq3
https://www.surveymonkey.com/r/3PKFVVC,AnibalEngelhardt@outlook.com,RANDOM mchefs,Oakdale Ave,10,Nashua,NH,03062,7762318196,ansq1,ansq2,ansq3
https://www.surveymonkey.com/r/3PKFVVC,foster-mongrain@outlook.com,RANDOM mchefs,Brookfield Cir,11,Framingham,MA,01701,7501363547,ansq1,ansq2,ansq3
https://www.surveymonkey.com/r/3PKFVVC,flitt-alex@outlook.com,therealmchefs Cruz,Gold Pan Rd,11234,Charlotte,NC,28215,7411062370,ansq1,ansq2,ansq3
https://www.surveymonkey.com/r/3PKFVVC,tawna.casterline03@outlook.com,therealmchefs Cruz,Gold Pan Rd,11234,Charlotte,NC,28215,7416433814,ansq1,ansq2,ansq3
https://www.surveymonkey.com/r/3PKFVVC,Cathrine-Resnikoff@outlook.com,RANDOM mchefs,Brookfield Cir,11,Framingham,MA,01701,7512835944,ansq1,ansq2,ansq3
https://www.surveymonkey.com/r/3PKFVVC,bidon_errol@outlook.com,therealmchefs Cruz,Gold Pan Rd,11234,Charlotte,NC,28215,7981843497,ansq1,ansq2,ansq3
https://www.surveymonkey.com/r/3PKFVVC,thurman-stoermer@outlook.com,therealmchefs Cruz,Gold Pan Rd,11234,Charlotte,NC,28215,7973424755,ansq1,ansq2,ansq3
https://www.surveymonkey.com/r/3PKFVVC,robin-savelli@outlook.com,therealmchefs Cruz,Gold Pan Rd,11234,Charlotte,NC,28215,7807116271,ansq1,ansq2,ansq3
https://www.surveymonkey.com/r/3PKFVVC,eady-lindsey@outlook.com,RANDOM mchefs,clinton dr,17A yav,Hollis,NH,03049,7850167217,ansq1,ansq2,ansq3
https://www.surveymonkey.com/r/3PKFVVC,Hunnicut-Garrett@outlook.com,RANDOM mchefs,Brookfield Cir,11,Framingham,MA,01701,7555962308,ansq1,ansq2,ansq3
https://www.surveymonkey.com/r/3PKFVVC,Valene_Faerber93@outlook.com,therealmchefs Cruz,Gold Pan Rd,11234,Charlotte,NC,28215,7945906971,ansq1,ansq2,ansq3
https://www.surveymonkey.com/r/3PKFVVC,Kasdon-Ciara@outlook.com,RANDOM mchefs,clinton dr,17A yav,Hollis,NH,03049,7782851644,ansq1,ansq2,ansq3
https://www.surveymonkey.com/r/3PKFVVC,Shayne-Sterr@outlook.com,therealmchefs Cruz,Gold Pan Rd,11234,Charlotte,NC,28215,7465839481,ansq1,ansq2,ansq3
https://www.surveymonkey.com/r/3PKFVVC,beckelheimerbrice@outlook.com,RANDOM mchefs,clinton dr,17A yav,Hollis,NH,03049,7679580365,ansq1,ansq2,ansq3
https://www.surveymonkey.com/r/3PKFVVC,alphonse_hoogheem77@outlook.com,RANDOM mchefs,Brookfield Cir,11,Framingham,MA,01701,7777645029,ansq1,ansq2,ansq3
https://www.surveymonkey.com/r/3PKFVVC,asmus_norah@outlook.com,RANDOM mchefs,Oakdale Ave,10,Nashua,NH,03062,7584486062,ansq1,ansq2,ansq3
https://www.surveymonkey.com/r/3PKFVVC,knackstedt_davina93@outlook.com,therealmchefs Cruz,Gold Pan Rd,11234,Charlotte,NC,28215,7940447628,ansq1,ansq2,ansq3
https://www.surveymonkey.com/r/3PKFVVC,delbert_fillip@outlook.com,RANDOM mchefs,Oakdale Ave,10,Nashua,NH,03062,7036913420,ansq1,ansq2,ansq3
https://www.surveymonkey.com/r/3PKFVVC,KowalcykMichal@outlook.com,therealmchefs Cruz,Gold Pan Rd,11234,Charlotte,NC,28215,7596841994,ansq1,ansq2,ansq3
https://www.surveymonkey.com/r/3PKFVVC,Magan_Sein95@outlook.com,RANDOM mchefs,clinton dr,17A yav,Hollis,NH,03049,7836338242,ansq1,ansq2,ansq3
https://www.surveymonkey.com/r/3PKFVVC,Tennille_Slavik@outlook.com,RANDOM mchefs,clinton dr,17A yav,Hollis,NH,03049,7674515580,ansq1,ansq2,ansq3
https://www.surveymonkey.com/r/3PKFVVC,monroe-siaperas@outlook.com,therealmchefs Cruz,Gold Pan Rd,11234,Charlotte,NC,28215,7699306800,ansq1,ansq2,ansq3
https://www.surveymonkey.com/r/3PKFVVC,ValeriaBoatman@outlook.com,RANDOM mchefs,Brookfield Cir,11,Framingham,MA,01701,7292272126,ansq1,ansq2,ansq3
https://www.surveymonkey.com/r/3PKFVVC,Bozman.Danny@outlook.com,RANDOM mchefs,clinton dr,17A yav,Hollis,NH,03049,7187077616,ansq1,ansq2,ansq3
https://www.surveymonkey.com/r/3PKFVVC,chantel.burghardt99@outlook.com,RANDOM mchefs,clinton dr,17A yav,Hollis,NH,03049,7943999777,ansq1,ansq2,ansq3
https://www.surveymonkey.com/r/3PKFVVC,Sammis.Jae94@outlook.com,RANDOM mchefs,Oakdale Ave,10,Nashua,NH,03062,7050870791,ansq1,ansq2,ansq3
https://www.surveymonkey.com/r/3PKFVVC,steuart-ernestina@outlook.com,RANDOM mchefs,clinton dr,17A yav,Hollis,NH,03049,7785469847,ansq1,ansq2,ansq3
https://www.surveymonkey.com/r/3PKFVVC,kizzie.opfer@outlook.com,RANDOM mchefs,Brookfield Cir,11,Framingham,MA,01701,7597259061,ansq1,ansq2,ansq3
https://www.surveymonkey.com/r/3PKFVVC,elliott_doxon98@outlook.com,RANDOM mchefs,Oakdale Ave,10,Nashua,NH,03062,7686746883,ansq1,ansq2,ansq3
https://www.surveymonkey.com/r/3PKFVVC,zenia_delfelder97@outlook.com,RANDOM mchefs,Oakdale Ave,10,Nashua,NH,03062,7443509987,ansq1,ansq2,ansq3
https://www.surveymonkey.com/r/3PKFVVC,eloy-oelschlaeger91@outlook.com,RANDOM mchefs,Brookfield Cir,11,Framingham,MA,01701,7010859931,ansq1,ansq2,ansq3
https://www.surveymonkey.com/r/3PKFVVC,porfiriofunck@outlook.com,RANDOM mchefs,Oakdale Ave,10,Nashua,NH,03062,7841739977,ansq1,ansq2,ansq3
https://www.surveymonkey.com/r/3PKFVVC,Kiefert-Hugh@outlook.com,RANDOM mchefs,Brookfield Cir,11,Framingham,MA,01701,7708766881,ansq1,ansq2,ansq3
https://www.surveymonkey.com/r/3PKFVVC,von-laubacher@outlook.com,RANDOM mchefs,clinton dr,17A yav,Hollis,NH,03049,7374110454,ansq1,ansq2,ansq3
https://www.surveymonkey.com/r/3PKFVVC,Apilado-Brady94@outlook.com,RANDOM mchefs,clinton dr,17A yav,Hollis,NH,03049,7603301459,ansq1,ansq2,ansq3
https://www.surveymonkey.com/r/3PKFVVC,Lweis.Abraham@outlook.com,RANDOM mchefs,Oakdale Ave,10,Nashua,NH,03062,7229638826,ansq1,ansq2,ansq3
https://www.surveymonkey.com/r/3PKFVVC,Chong_Walterson@outlook.com,RANDOM mchefs,Brookfield Cir,11,Framingham,MA,01701,7023646260,ansq1,ansq2,ansq3
https://www.surveymonkey.com/r/3PKFVVC,felipe.simser@outlook.com,RANDOM mchefs,clinton dr,17A yav,Hollis,NH,03049,7444392462,ansq1,ansq2,ansq3
https://www.surveymonkey.com/r/3PKFVVC,Lina_Fears@outlook.com,RANDOM mchefs,Brookfield Cir,11,Framingham,MA,01701,7165980097,ansq1,ansq2,ansq3
https://www.surveymonkey.com/r/3PKFVVC,claudiomaller@outlook.com,RANDOM mchefs,clinton dr,17A yav,Hollis,NH,03049,7862614735,ansq1,ansq2,ansq3
https://www.surveymonkey.com/r/3PKFVVC,Pagnozzi.Euna98@outlook.com,RANDOM mchefs,Brookfield Cir,11,Framingham,MA,01701,7520141760,ansq1,ansq2,ansq3
https://www.surveymonkey.com/r/3PKFVVC,CritchfieldManuel84@outlook.com,RANDOM mchefs,Oakdale Ave,10,Nashua,NH,03062,7583580733,ansq1,ansq2,ansq3
https://www.surveymonkey.com/r/3PKFVVC,sulyma_scottie@outlook.com,RANDOM mchefs,clinton dr,17A yav,Hollis,NH,03049,7068599385,ansq1,ansq2,ansq3
https://www.surveymonkey.com/r/3PKFVVC,thuy.mcginness@outlook.com,RANDOM mchefs,Brookfield Cir,11,Framingham,MA,01701,7183044117,ansq1,ansq2,ansq3
https://www.surveymonkey.com/r/3PKFVVC,Pearl_Taegel@outlook.com,RANDOM mchefs,Brookfield Cir,11,Framingham,MA,01701,7945927006,ansq1,ansq2,ansq3
https://www.surveymonkey.com/r/3PKFVVC,PolekChanell@outlook.com,RANDOM mchefs,Brookfield Cir,11,Framingham,MA,01701,7695007265,ansq1,ansq2,ansq3
https://www.surveymonkey.com/r/3PKFVVC,lauricehellweg@outlook.com,therealmchefs Cruz,Gold Pan Rd,11234,Charlotte,NC,28215,7763947013,ansq1,ansq2,ansq3
https://www.surveymonkey.com/r/3PKFVVC,LasandraVanloo00@outlook.com,therealmchefs Cruz,Gold Pan Rd,11234,Charlotte,NC,28215,7731389927,ansq1,ansq2,ansq3
https://www.surveymonkey.com/r/3PKFVVC,rhett-salvitti@outlook.com,RANDOM mchefs,Oakdale Ave,10,Nashua,NH,03062,7651655374,ansq1,ansq2,ansq3
https://www.surveymonkey.com/r/3PKFVVC,Esquilin_Julio@outlook.com,RANDOM mchefs,Oakdale Ave,10,Nashua,NH,03062,7951570942,ansq1,ansq2,ansq3
https://www.surveymonkey.com/r/3PKFVVC,karnas.corliss95@outlook.com,RANDOM mchefs,Brookfield Cir,11,Framingham,MA,01701,7670230573,ansq1,ansq2,ansq3
https://www.surveymonkey.com/r/3PKFVVC,Barbetta.Donnie@outlook.com,RANDOM mchefs,clinton dr,17A yav,Hollis,NH,03049,7530316044,ansq1,ansq2,ansq3
https://www.surveymonkey.com/r/3PKFVVC,Radde-Buford@outlook.com,RANDOM mchefs,Oakdale Ave,10,Nashua,NH,03062,7133654685,ansq1,ansq2,ansq3
https://www.surveymonkey.com/r/3PKFVVC,Ronald.Lozey@outlook.com,RANDOM mchefs,clinton dr,17A yav,Hollis,NH,03049,7937466540,ansq1,ansq2,ansq3
https://www.surveymonkey.com/r/3PKFVVC,Tarascio-Toby@outlook.com,RANDOM mchefs,Oakdale Ave,10,Nashua,NH,03062,7466196238,ansq1,ansq2,ansq3
https://www.surveymonkey.com/r/3PKFVVC,Organek_Dylan@outlook.com,therealmchefs Cruz,Gold Pan Rd,11234,Charlotte,NC,28215,7700699228,ansq1,ansq2,ansq3
https://www.surveymonkey.com/r/3PKFVVC,aupperle.trisha83@outlook.com,RANDOM mchefs,Brookfield Cir,11,Framingham,MA,01701,7111754431,ansq1,ansq2,ansq3
https://www.surveymonkey.com/r/3PKFVVC,Cohenour-Janay93@outlook.com,RANDOM mchefs,Brookfield Cir,11,Framingham,MA,01701,7954019990,ansq1,ansq2,ansq3
https://www.surveymonkey.com/r/3PKFVVC,zachery_simple96@outlook.com,RANDOM mchefs,clinton dr,17A yav,Hollis,NH,03049,7428748768,ansq1,ansq2,ansq3
https://www.surveymonkey.com/r/3PKFVVC,marybelle.whitten@outlook.com,RANDOM mchefs,clinton dr,17A yav,Hollis,NH,03049,7396910656,ansq1,ansq2,ansq3
https://www.surveymonkey.com/r/3PKFVVC,hiddenshiela@outlook.com,therealmchefs Cruz,Gold Pan Rd,11234,Charlotte,NC,28215,7916401517,ansq1,ansq2,ansq3
https://www.surveymonkey.com/r/3PKFVVC,Tsosie.Christel89@outlook.com,RANDOM mchefs,Brookfield Cir,11,Framingham,MA,01701,7279979386,ansq1,ansq2,ansq3
https://www.surveymonkey.com/r/3PKFVVC,Palma.Tinger@outlook.com,RANDOM mchefs,Oakdale Ave,10,Nashua,NH,03062,7393446552,ansq1,ansq2,ansq3
https://www.surveymonkey.com/r/3PKFVVC,Mammo-Arden@outlook.com,RANDOM mchefs,Brookfield Cir,11,Framingham,MA,01701,7287169697,ansq1,ansq2,ansq3
https://www.surveymonkey.com/r/3PKFVVC,Precella_June99@outlook.com,RANDOM mchefs,Brookfield Cir,11,Framingham,MA,01701,7753143904,ansq1,ansq2,ansq3
https://www.surveymonkey.com/r/3PKFVVC,SyvertsenRandell@outlook.com,RANDOM mchefs,clinton dr,17A yav,Hollis,NH,03049,7672048441,ansq1,ansq2,ansq3
https://www.surveymonkey.com/r/3PKFVVC,neal.abshire90@outlook.com,RANDOM mchefs,Brookfield Cir,11,Framingham,MA,01701,7564445994,ansq1,ansq2,ansq3
https://www.surveymonkey.com/r/3PKFVVC,Schlaefer.Val@outlook.com,RANDOM mchefs,clinton dr,17A yav,Hollis,NH,03049,7826513682,ansq1,ansq2,ansq3
https://www.surveymonkey.com/r/3PKFVVC,minster-napoleon77@outlook.com,RANDOM mchefs,clinton dr,17A yav,Hollis,NH,03049,7124629151,ansq1,ansq2,ansq3
https://www.surveymonkey.com/r/3PKFVVC,Rumney.Lance@outlook.com,RANDOM mchefs,clinton dr,17A yav,Hollis,NH,03049,7768590561,ansq1,ansq2,ansq3
https://www.surveymonkey.com/r/3PKFVVC,Raval_Milda@outlook.com,therealmchefs Cruz,Gold Pan Rd,11234,Charlotte,NC,28215,7768268161,ansq1,ansq2,ansq3
https://www.surveymonkey.com/r/3PKFVVC,Tegan_Eggen@outlook.com,RANDOM mchefs,Oakdale Ave,10,Nashua,NH,03062,7909025953,ansq1,ansq2,ansq3
https://www.surveymonkey.com/r/3PKFVVC,JeromyBuchler93@outlook.com,RANDOM mchefs,clinton dr,17A yav,Hollis,NH,03049,7651058566,ansq1,ansq2,ansq3
https://www.surveymonkey.com/r/3PKFVVC,Migdalia_Blasing@outlook.com,therealmchefs Cruz,Gold Pan Rd,11234,Charlotte,NC,28215,7183787593,ansq1,ansq2,ansq3
https://www.surveymonkey.com/r/3PKFVVC,Tiu-Sang@outlook.com,RANDOM mchefs,Brookfield Cir,11,Framingham,MA,01701,7453099546,ansq1,ansq2,ansq3
https://www.surveymonkey.com/r/3PKFVVC,cristy-ennals97@outlook.com,RANDOM mchefs,clinton dr,17A yav,Hollis,NH,03049,7325613506,ansq1,ansq2,ansq3
https://www.surveymonkey.com/r/3PKFVVC,delrafiq91@outlook.com,RANDOM mchefs,clinton dr,17A yav,Hollis,NH,03049,7620048175,ansq1,ansq2,ansq3
https://www.surveymonkey.com/r/3PKFVVC,kristine.wissinger76@outlook.com,RANDOM mchefs,Brookfield Cir,11,Framingham,MA,01701,7498944382,ansq1,ansq2,ansq3
https://www.surveymonkey.com/r/3PKFVVC,jimmy_murchison90@outlook.com,RANDOM mchefs,Oakdale Ave,10,Nashua,NH,03062,7866724844,ansq1,ansq2,ansq3
https://www.surveymonkey.com/r/3PKFVVC,Teodoro.Elkayam@outlook.com,therealmchefs Cruz,Gold Pan Rd,11234,Charlotte,NC,28215,7503634329,ansq1,ansq2,ansq3
https://www.surveymonkey.com/r/3PKFVVC,Domenic-Carvin@outlook.com,RANDOM mchefs,Oakdale Ave,10,Nashua,NH,03062,7395280193,ansq1,ansq2,ansq3
https://www.surveymonkey.com/r/3PKFVVC,bishop.joel@outlook.com,RANDOM mchefs,clinton dr,17A yav,Hollis,NH,03049,7825743589,ansq1,ansq2,ansq3
https://www.surveymonkey.com/r/3PKFVVC,shigleybryon@outlook.com,RANDOM mchefs,Oakdale Ave,10,Nashua,NH,03062,7653030691,ansq1,ansq2,ansq3
https://www.surveymonkey.com/r/3PKFVVC,Ambrose_Nicolau91@outlook.com,RANDOM mchefs,Brookfield Cir,11,Framingham,MA,01701,7438619204,ansq1,ansq2,ansq3
https://www.surveymonkey.com/r/3PKFVVC,Barry-Cross@outlook.com,RANDOM mchefs,Oakdale Ave,10,Nashua,NH,03062,7121863979,ansq1,ansq2,ansq3
https://www.surveymonkey.com/r/3PKFVVC,Booker-Pelow@outlook.com,RANDOM mchefs,Oakdale Ave,10,Nashua,NH,03062,7221949643,ansq1,ansq2,ansq3
https://www.surveymonkey.com/r/3PKFVVC,zeagler-michelina@outlook.com,RANDOM mchefs,Brookfield Cir,11,Framingham,MA,01701,7266583498,ansq1,ansq2,ansq3
https://www.surveymonkey.com/r/3PKFVVC,kennettshanae@outlook.com,RANDOM mchefs,Oakdale Ave,10,Nashua,NH,03062,7445303128,ansq1,ansq2,ansq3
https://www.surveymonkey.com/r/3PKFVVC,Marlyn_Barbur@outlook.com,RANDOM mchefs,clinton dr,17A yav,Hollis,NH,03049,7668884849,ansq1,ansq2,ansq3
https://www.surveymonkey.com/r/3PKFVVC,Ballena.Sammy@outlook.com,therealmchefs Cruz,Gold Pan Rd,11234,Charlotte,NC,28215,7652618642,ansq1,ansq2,ansq3
https://www.surveymonkey.com/r/3PKFVVC,corria.mariella@outlook.com,RANDOM mchefs,Oakdale Ave,10,Nashua,NH,03062,7340667439,ansq1,ansq2,ansq3
https://www.surveymonkey.com/r/3PKFVVC,SenaidaMaltese@outlook.com,RANDOM mchefs,clinton dr,17A yav,Hollis,NH,03049,7794845780,ansq1,ansq2,ansq3
https://www.surveymonkey.com/r/3PKFVVC,Kinloch-Evelyne@outlook.com,RANDOM mchefs,Brookfield Cir,11,Framingham,MA,01701,7129734626,ansq1,ansq2,ansq3
https://www.surveymonkey.com/r/3PKFVVC,Jasper_Kolding@outlook.com,RANDOM mchefs,Oakdale Ave,10,Nashua,NH,03062,7460282944,ansq1,ansq2,ansq3
https://www.surveymonkey.com/r/3PKFVVC,Frank.Settlemire@outlook.com,RANDOM mchefs,Oakdale Ave,10,Nashua,NH,03062,7903838738,ansq1,ansq2,ansq3
https://www.surveymonkey.com/r/3PKFVVC,Corkum-Jan00@outlook.com,RANDOM mchefs,clinton dr,17A yav,Hollis,NH,03049,7998347450,ansq1,ansq2,ansq3
https://www.surveymonkey.com/r/3PKFVVC,basden.pierre96@outlook.com,therealmchefs Cruz,Gold Pan Rd,11234,Charlotte,NC,28215,7965369549,ansq1,ansq2,ansq3
https://www.surveymonkey.com/r/3PKFVVC,chrispleigha@outlook.com,RANDOM mchefs,Oakdale Ave,10,Nashua,NH,03062,7890805406,ansq1,ansq2,ansq3
https://www.surveymonkey.com/r/3PKFVVC,blumenberg.cole@outlook.com,RANDOM mchefs,Brookfield Cir,11,Framingham,MA,01701,7870144716,ansq1,ansq2,ansq3
https://www.surveymonkey.com/r/3PKFVVC,uzelacrandy@outlook.com,RANDOM mchefs,Brookfield Cir,11,Framingham,MA,01701,7947993472,ansq1,ansq2,ansq3
https://www.surveymonkey.com/r/3PKFVVC,Drew_Vaugh@outlook.com,therealmchefs Cruz,Gold Pan Rd,11234,Charlotte,NC,28215,7469700457,ansq1,ansq2,ansq3
https://www.surveymonkey.com/r/3PKFVVC,Sal-Pinero@outlook.com,therealmchefs Cruz,Gold Pan Rd,11234,Charlotte,NC,28215,7780697654,ansq1,ansq2,ansq3
https://www.surveymonkey.com/r/3PKFVVC,QuinnCzepiel@outlook.com,RANDOM mchefs,clinton dr,17A yav,Hollis,NH,03049,7639733870,ansq1,ansq2,ansq3
https://www.surveymonkey.com/r/3PKFVVC,heinle.darby@outlook.com,RANDOM mchefs,Brookfield Cir,11,Framingham,MA,01701,7714446557,ansq1,ansq2,ansq3
https://www.surveymonkey.com/r/3PKFVVC,hilario_prochazka@outlook.com,therealmchefs Cruz,Gold Pan Rd,11234,Charlotte,NC,28215,7831198935,ansq1,ansq2,ansq3
https://www.surveymonkey.com/r/3PKFVVC,antoniettatrinkle@outlook.com,RANDOM mchefs,Brookfield Cir,11,Framingham,MA,01701,7367917631,ansq1,ansq2,ansq3
https://www.surveymonkey.com/r/3PKFVVC,Towey_Earnest97@outlook.com,RANDOM mchefs,Brookfield Cir,11,Framingham,MA,01701,7889357870,ansq1,ansq2,ansq3
https://www.surveymonkey.com/r/3PKFVVC,ellicottnelida97@outlook.com,RANDOM mchefs,clinton dr,17A yav,Hollis,NH,03049,7868210060,ansq1,ansq2,ansq3
https://www.surveymonkey.com/r/3PKFVVC,NarasimhanZana@outlook.com,RANDOM mchefs,Brookfield Cir,11,Framingham,MA,01701,7709299013,ansq1,ansq2,ansq3
https://www.surveymonkey.com/r/3PKFVVC,Sigrid_Mchendry@outlook.com,RANDOM mchefs,Oakdale Ave,10,Nashua,NH,03062,7390556566,ansq1,ansq2,ansq3
https://www.surveymonkey.com/r/3PKFVVC,Newsted.Wilburn@outlook.com,RANDOM mchefs,Brookfield Cir,11,Framingham,MA,01701,7592889472,ansq1,ansq2,ansq3
https://www.surveymonkey.com/r/3PKFVVC,Mohammad_Mossberg@outlook.com,RANDOM mchefs,Oakdale Ave,10,Nashua,NH,03062,7916616422,ansq1,ansq2,ansq3
https://www.surveymonkey.com/r/3PKFVVC,Roma.Kawell96@outlook.com,RANDOM mchefs,Brookfield Cir,11,Framingham,MA,01701,7387067586,ansq1,ansq2,ansq3
https://www.surveymonkey.com/r/3PKFVVC,gwen_cerone@outlook.com,RANDOM mchefs,clinton dr,17A yav,Hollis,NH,03049,7239785348,ansq1,ansq2,ansq3
https://www.surveymonkey.com/r/3PKFVVC,Sae_Simon@outlook.com,RANDOM mchefs,clinton dr,17A yav,Hollis,NH,03049,7462435028,ansq1,ansq2,ansq3
https://www.surveymonkey.com/r/3PKFVVC,Wilmer_Robeza@outlook.com,RANDOM mchefs,clinton dr,17A yav,Hollis,NH,03049,7126690475,ansq1,ansq2,ansq3
https://www.surveymonkey.com/r/3PKFVVC,normand_molgard@outlook.com,therealmchefs Cruz,Gold Pan Rd,11234,Charlotte,NC,28215,7835869439,ansq1,ansq2,ansq3
https://www.surveymonkey.com/r/3PKFVVC,rufenerleland@outlook.com,RANDOM mchefs,Oakdale Ave,10,Nashua,NH,03062,7016450179,ansq1,ansq2,ansq3
https://www.surveymonkey.com/r/3PKFVVC,Kamala.Dargis@outlook.com,therealmchefs Cruz,Gold Pan Rd,11234,Charlotte,NC,28215,7083537523,ansq1,ansq2,ansq3
https://www.surveymonkey.com/r/3PKFVVC,romano_sterling@outlook.com,RANDOM mchefs,Brookfield Cir,11,Framingham,MA,01701,7845554021,ansq1,ansq2,ansq3
https://www.surveymonkey.com/r/3PKFVVC,Hornbuckle.Jayson@outlook.com,RANDOM mchefs,Oakdale Ave,10,Nashua,NH,03062,7840862276,ansq1,ansq2,ansq3
https://www.surveymonkey.com/r/3PKFVVC,maismay92@outlook.com,therealmchefs Cruz,Gold Pan Rd,11234,Charlotte,NC,28215,7789611021,ansq1,ansq2,ansq3
https://www.surveymonkey.com/r/3PKFVVC,rosstabuena@outlook.com,RANDOM mchefs,Oakdale Ave,10,Nashua,NH,03062,7547064221,ansq1,ansq2,ansq3
https://www.surveymonkey.com/r/3PKFVVC,Belia-Bonaccorso93@outlook.com,RANDOM mchefs,clinton dr,17A yav,Hollis,NH,03049,7868205232,ansq1,ansq2,ansq3
https://www.surveymonkey.com/r/3PKFVVC,carforacameron@outlook.com,therealmchefs Cruz,Gold Pan Rd,11234,Charlotte,NC,28215,7615419848,ansq1,ansq2,ansq3
https://www.surveymonkey.com/r/3PKFVVC,ok-merryman@outlook.com,RANDOM mchefs,Oakdale Ave,10,Nashua,NH,03062,7605479056,ansq1,ansq2,ansq3
https://www.surveymonkey.com/r/3PKFVVC,mennella_jessie@outlook.com,therealmchefs Cruz,Gold Pan Rd,11234,Charlotte,NC,28215,7589973833,ansq1,ansq2,ansq3
https://www.surveymonkey.com/r/3PKFVVC,gaylecornella@outlook.com,therealmchefs Cruz,Gold Pan Rd,11234,Charlotte,NC,28215,7164395487,ansq1,ansq2,ansq3
https://www.surveymonkey.com/r/3PKFVVC,Sa.Eun@outlook.com,RANDOM mchefs,Brookfield Cir,11,Framingham,MA,01701,7254684578,ansq1,ansq2,ansq3
https://www.surveymonkey.com/r/3PKFVVC,AdalineHamolik@outlook.com,RANDOM mchefs,Oakdale Ave,10,Nashua,NH,03062,7877317006,ansq1,ansq2,ansq3
https://www.surveymonkey.com/r/3PKFVVC,Dorthey-Losco90@outlook.com,RANDOM mchefs,Brookfield Cir,11,Framingham,MA,01701,7135371223,ansq1,ansq2,ansq3
https://www.surveymonkey.com/r/3PKFVVC,laci_romiro@outlook.com,RANDOM mchefs,clinton dr,17A yav,Hollis,NH,03049,7068814369,ansq1,ansq2,ansq3
https://www.surveymonkey.com/r/3PKFVVC,ElaWhorton@outlook.com,RANDOM mchefs,Oakdale Ave,10,Nashua,NH,03062,7951102429,ansq1,ansq2,ansq3
https://www.surveymonkey.com/r/3PKFVVC,Avans_Raleigh@outlook.com,RANDOM mchefs,Oakdale Ave,10,Nashua,NH,03062,7257436603,ansq1,ansq2,ansq3
https://www.surveymonkey.com/r/3PKFVVC,dukagail98@outlook.com,RANDOM mchefs,Brookfield Cir,11,Framingham,MA,01701,7308211394,ansq1,ansq2,ansq3
https://www.surveymonkey.com/r/3PKFVVC,mathilde-joyner@outlook.com,RANDOM mchefs,Oakdale Ave,10,Nashua,NH,03062,7702007597,ansq1,ansq2,ansq3
https://www.surveymonkey.com/r/3PKFVVC,Rammer_Susan@outlook.com,RANDOM mchefs,clinton dr,17A yav,Hollis,NH,03049,7148660032,ansq1,ansq2,ansq3
https://www.surveymonkey.com/r/3PKFVVC,wannamakercharley@outlook.com,RANDOM mchefs,Brookfield Cir,11,Framingham,MA,01701,7831638062,ansq1,ansq2,ansq3
https://www.surveymonkey.com/r/3PKFVVC,alfonso_mihalios94@outlook.com,RANDOM mchefs,Oakdale Ave,10,Nashua,NH,03062,7588435965,ansq1,ansq2,ansq3
https://www.surveymonkey.com/r/3PKFVVC,fredrick-nuner@outlook.com,RANDOM mchefs,Brookfield Cir,11,Framingham,MA,01701,7986373412,ansq1,ansq2,ansq3
https://www.surveymonkey.com/r/3PKFVVC,clifford.klitsch@outlook.com,therealmchefs Cruz,Gold Pan Rd,11234,Charlotte,NC,28215,7940706535,ansq1,ansq2,ansq3
https://www.surveymonkey.com/r/3PKFVVC,Laurendeau-Aaron@outlook.com,RANDOM mchefs,Brookfield Cir,11,Framingham,MA,01701,7754892399,ansq1,ansq2,ansq3
https://www.surveymonkey.com/r/3PKFVVC,lohan_janiece@outlook.com,RANDOM mchefs,clinton dr,17A yav,Hollis,NH,03049,7265840097,ansq1,ansq2,ansq3
https://www.surveymonkey.com/r/3PKFVVC,Veer_Emerson94@outlook.com,therealmchefs Cruz,Gold Pan Rd,11234,Charlotte,NC,28215,7042187689,ansq1,ansq2,ansq3
https://www.surveymonkey.com/r/3PKFVVC,Darron.Algire@outlook.com,RANDOM mchefs,clinton dr,17A yav,Hollis,NH,03049,7284025076,ansq1,ansq2,ansq3
https://www.surveymonkey.com/r/3PKFVVC,Almeda.Shorette@outlook.com,RANDOM mchefs,Brookfield Cir,11,Framingham,MA,01701,7294431595,ansq1,ansq2,ansq3
https://www.surveymonkey.com/r/3PKFVVC,CourtneyChaconas99@outlook.com,RANDOM mchefs,Brookfield Cir,11,Framingham,MA,01701,7652124794,ansq1,ansq2,ansq3
https://www.surveymonkey.com/r/3PKFVVC,corrion-clemente@outlook.com,RANDOM mchefs,clinton dr,17A yav,Hollis,NH,03049,7014404257,ansq1,ansq2,ansq3
https://www.surveymonkey.com/r/3PKFVVC,bryce.yark@outlook.com,RANDOM mchefs,Oakdale Ave,10,Nashua,NH,03062,7197331772,ansq1,ansq2,ansq3
https://www.surveymonkey.com/r/3PKFVVC,genevie_prochnow00@outlook.com,RANDOM mchefs,clinton dr,17A yav,Hollis,NH,03049,7615757210,ansq1,ansq2,ansq3
https://www.surveymonkey.com/r/3PKFVVC,pamollison97@outlook.com,therealmchefs Cruz,Gold Pan Rd,11234,Charlotte,NC,28215,7778796326,ansq1,ansq2,ansq3
https://www.surveymonkey.com/r/3PKFVVC,Owen_Butkowski@outlook.com,RANDOM mchefs,Oakdale Ave,10,Nashua,NH,03062,7511964048,ansq1,ansq2,ansq3
https://www.surveymonkey.com/r/3PKFVVC,Aide_Nemetz@outlook.com,RANDOM mchefs,Oakdale Ave,10,Nashua,NH,03062,7373250858,ansq1,ansq2,ansq3
https://www.surveymonkey.com/r/3PKFVVC,kathryneedster90@outlook.com,therealmchefs Cruz,Gold Pan Rd,11234,Charlotte,NC,28215,7233365149,ansq1,ansq2,ansq3
https://www.surveymonkey.com/r/3PKFVVC,pablo-barias96@outlook.com,RANDOM mchefs,clinton dr,17A yav,Hollis,NH,03049,7960333791,ansq1,ansq2,ansq3
https://www.surveymonkey.com/r/3PKFVVC,Velva_Alexzander@outlook.com,therealmchefs Cruz,Gold Pan Rd,11234,Charlotte,NC,28215,7371483454,ansq1,ansq2,ansq3
https://www.surveymonkey.com/r/3PKFVVC,weitze_sydney@outlook.com,RANDOM mchefs,Oakdale Ave,10,Nashua,NH,03062,7699204646,ansq1,ansq2,ansq3
https://www.surveymonkey.com/r/3PKFVVC,Francesconi_Alfreda91@outlook.com,RANDOM mchefs,Oakdale Ave,10,Nashua,NH,03062,7665218666,ansq1,ansq2,ansq3
https://www.surveymonkey.com/r/3PKFVVC,Krawiec_Madelyn@outlook.com,RANDOM mchefs,Brookfield Cir,11,Framingham,MA,01701,7716693457,ansq1,ansq2,ansq3
https://www.surveymonkey.com/r/3PKFVVC,porscheneufer@outlook.com,RANDOM mchefs,Oakdale Ave,10,Nashua,NH,03062,7543329044,ansq1,ansq2,ansq3
https://www.surveymonkey.com/r/3PKFVVC,hubertdarring@outlook.com,RANDOM mchefs,clinton dr,17A yav,Hollis,NH,03049,7195242416,ansq1,ansq2,ansq3
https://www.surveymonkey.com/r/3PKFVVC,miyamura.charlie82@outlook.com,RANDOM mchefs,Oakdale Ave,10,Nashua,NH,03062,7510412887,ansq1,ansq2,ansq3
https://www.surveymonkey.com/r/3PKFVVC,benedict.desamito94@outlook.com,RANDOM mchefs,clinton dr,17A yav,Hollis,NH,03049,7965269121,ansq1,ansq2,ansq3
https://www.surveymonkey.com/r/3PKFVVC,leonardocranford@outlook.com,therealmchefs Cruz,Gold Pan Rd,11234,Charlotte,NC,28215,7094345859,ansq1,ansq2,ansq3
https://www.surveymonkey.com/r/3PKFVVC,Badamo.Julee94@outlook.com,RANDOM mchefs,clinton dr,17A yav,Hollis,NH,03049,7228106662,ansq1,ansq2,ansq3
https://www.surveymonkey.com/r/3PKFVVC,karan-roenigk99@outlook.com,RANDOM mchefs,Oakdale Ave,10,Nashua,NH,03062,7526724112,ansq1,ansq2,ansq3
https://www.surveymonkey.com/r/3PKFVVC,Heiple-Kent@outlook.com,RANDOM mchefs,Brookfield Cir,11,Framingham,MA,01701,7231190854,ansq1,ansq2,ansq3
https://www.surveymonkey.com/r/3PKFVVC,Darius-Blaskovich@outlook.com,RANDOM mchefs,Oakdale Ave,10,Nashua,NH,03062,7653168856,ansq1,ansq2,ansq3
https://www.surveymonkey.com/r/3PKFVVC,ana-sotos@outlook.com,RANDOM mchefs,Oakdale Ave,10,Nashua,NH,03062,7433225259,ansq1,ansq2,ansq3
https://www.surveymonkey.com/r/3PKFVVC,Desalvatore.Lucia@outlook.com,therealmchefs Cruz,Gold Pan Rd,11234,Charlotte,NC,28215,7356884846,ansq1,ansq2,ansq3
https://www.surveymonkey.com/r/3PKFVVC,MittanSung@outlook.com,RANDOM mchefs,Oakdale Ave,10,Nashua,NH,03062,7057546860,ansq1,ansq2,ansq3
https://www.surveymonkey.com/r/3PKFVVC,gwen_smolinski@outlook.com,therealmchefs Cruz,Gold Pan Rd,11234,Charlotte,NC,28215,7181582509,ansq1,ansq2,ansq3
https://www.surveymonkey.com/r/3PKFVVC,johnnie_awkward97@outlook.com,RANDOM mchefs,clinton dr,17A yav,Hollis,NH,03049,7446572346,ansq1,ansq2,ansq3
https://www.surveymonkey.com/r/3PKFVVC,Schock_Francoise90@outlook.com,RANDOM mchefs,clinton dr,17A yav,Hollis,NH,03049,7305296877,ansq1,ansq2,ansq3
https://www.surveymonkey.com/r/3PKFVVC,Everett-Tillema@outlook.com,RANDOM mchefs,clinton dr,17A yav,Hollis,NH,03049,7972574617,ansq1,ansq2,ansq3
https://www.surveymonkey.com/r/3PKFVVC,Lester.Deniro@outlook.com,therealmchefs Cruz,Gold Pan Rd,11234,Charlotte,NC,28215,7551610566,ansq1,ansq2,ansq3
https://www.surveymonkey.com/r/3PKFVVC,reynaldo_vetterick@outlook.com,therealmchefs Cruz,Gold Pan Rd,11234,Charlotte,NC,28215,7525969909,ansq1,ansq2,ansq3
https://www.surveymonkey.com/r/3PKFVVC,Wala.Lizzette@outlook.com,RANDOM mchefs,Oakdale Ave,10,Nashua,NH,03062,7135760575,ansq1,ansq2,ansq3
https://www.surveymonkey.com/r/3PKFVVC,edgeston-waldo92@outlook.com,RANDOM mchefs,Oakdale Ave,10,Nashua,NH,03062,7842549472,ansq1,ansq2,ansq3
https://www.surveymonkey.com/r/3PKFVVC,graigmcmahan82@outlook.com,RANDOM mchefs,clinton dr,17A yav,Hollis,NH,03049,7486778525,ansq1,ansq2,ansq3
https://www.surveymonkey.com/r/3PKFVVC,PerlowNenita@outlook.com,RANDOM mchefs,Brookfield Cir,11,Framingham,MA,01701,7456348854,ansq1,ansq2,ansq3
https://www.surveymonkey.com/r/3PKFVVC,TschidaVella99@outlook.com,therealmchefs Cruz,Gold Pan Rd,11234,Charlotte,NC,28215,7969431658,ansq1,ansq2,ansq3
https://www.surveymonkey.com/r/3PKFVVC,PaxtonTony@outlook.com,RANDOM mchefs,clinton dr,17A yav,Hollis,NH,03049,7717310472,ansq1,ansq2,ansq3
https://www.surveymonkey.com/r/3PKFVVC,chuck_amory@outlook.com,RANDOM mchefs,clinton dr,17A yav,Hollis,NH,03049,7991773152,ansq1,ansq2,ansq3
https://www.surveymonkey.com/r/3PKFVVC,maddox.carmina@outlook.com,therealmchefs Cruz,Gold Pan Rd,11234,Charlotte,NC,28215,7173583138,ansq1,ansq2,ansq3
https://www.surveymonkey.com/r/3PKFVVC,Pantano-Dannie94@outlook.com,RANDOM mchefs,clinton dr,17A yav,Hollis,NH,03049,7293221950,ansq1,ansq2,ansq3
https://www.surveymonkey.com/r/3PKFVVC,bierkortte.raymundo01@outlook.com,RANDOM mchefs,Oakdale Ave,10,Nashua,NH,03062,7051762253,ansq1,ansq2,ansq3
https://www.surveymonkey.com/r/3PKFVVC,Margarett_Percival@outlook.com,therealmchefs Cruz,Gold Pan Rd,11234,Charlotte,NC,28215,7773683352,ansq1,ansq2,ansq3
https://www.surveymonkey.com/r/3PKFVVC,EroJustina@outlook.com,RANDOM mchefs,Brookfield Cir,11,Framingham,MA,01701,7968136946,ansq1,ansq2,ansq3
https://www.surveymonkey.com/r/3PKFVVC,alvarokendrick@outlook.com,therealmchefs Cruz,Gold Pan Rd,11234,Charlotte,NC,28215,7153405402,ansq1,ansq2,ansq3
https://www.surveymonkey.com/r/3PKFVVC,thao.charley@outlook.com,RANDOM mchefs,Oakdale Ave,10,Nashua,NH,03062,7661190362,ansq1,ansq2,ansq3
https://www.surveymonkey.com/r/3PKFVVC,kemberly.fagan@outlook.com,therealmchefs Cruz,Gold Pan Rd,11234,Charlotte,NC,28215,7115915201,ansq1,ansq2,ansq3
https://www.surveymonkey.com/r/3PKFVVC,cristie.mannix98@outlook.com,RANDOM mchefs,Oakdale Ave,10,Nashua,NH,03062,7140385167,ansq1,ansq2,ansq3
https://www.surveymonkey.com/r/3PKFVVC,Brittney.Bisconer@outlook.com,RANDOM mchefs,Oakdale Ave,10,Nashua,NH,03062,7659126999,ansq1,ansq2,ansq3
https://www.surveymonkey.com/r/3PKFVVC,Buckley_Lucien91@outlook.com,RANDOM mchefs,Brookfield Cir,11,Framingham,MA,01701,7219406475,ansq1,ansq2,ansq3
https://www.surveymonkey.com/r/3PKFVVC,KrowsLin@outlook.com,RANDOM mchefs,Brookfield Cir,11,Framingham,MA,01701,7827031313,ansq1,ansq2,ansq3
https://www.surveymonkey.com/r/3PKFVVC,delmarbonier97@outlook.com,RANDOM mchefs,Brookfield Cir,11,Framingham,MA,01701,7116925274,ansq1,ansq2,ansq3
https://www.surveymonkey.com/r/3PKFVVC,scharfenberg-darwin@outlook.com,RANDOM mchefs,Brookfield Cir,11,Framingham,MA,01701,7159379402,ansq1,ansq2,ansq3
https://www.surveymonkey.com/r/3PKFVVC,Zollman.Sherrill@outlook.com,RANDOM mchefs,clinton dr,17A yav,Hollis,NH,03049,7296712283,ansq1,ansq2,ansq3
https://www.surveymonkey.com/r/3PKFVVC,Yoshiko.Bayle96@outlook.com,RANDOM mchefs,clinton dr,17A yav,Hollis,NH,03049,7933385975,ansq1,ansq2,ansq3
https://www.surveymonkey.com/r/3PKFVVC,BoydUglum@outlook.com,RANDOM mchefs,clinton dr,17A yav,Hollis,NH,03049,7541184242,ansq1,ansq2,ansq3
https://www.surveymonkey.com/r/3PKFVVC,Coralie.Bealle93@outlook.com,RANDOM mchefs,Brookfield Cir,11,Framingham,MA,01701,7984754348,ansq1,ansq2,ansq3
https://www.surveymonkey.com/r/3PKFVVC,Schuman.Lianne@outlook.com,RANDOM mchefs,clinton dr,17A yav,Hollis,NH,03049,7035843025,ansq1,ansq2,ansq3
https://www.surveymonkey.com/r/3PKFVVC,LaroccaDwayne91@outlook.com,RANDOM mchefs,Brookfield Cir,11,Framingham,MA,01701,7829486763,ansq1,ansq2,ansq3
https://www.surveymonkey.com/r/3PKFVVC,Bouldin.Kris92@outlook.com,RANDOM mchefs,clinton dr,17A yav,Hollis,NH,03049,7517293899,ansq1,ansq2,ansq3
https://www.surveymonkey.com/r/3PKFVVC,alleshousetyrone@outlook.com,RANDOM mchefs,clinton dr,17A yav,Hollis,NH,03049,7312813460,ansq1,ansq2,ansq3
https://www.surveymonkey.com/r/3PKFVVC,Catharine_Rochow@outlook.com,RANDOM mchefs,clinton dr,17A yav,Hollis,NH,03049,7969227324,ansq1,ansq2,ansq3
https://www.surveymonkey.com/r/3PKFVVC,Penuel_Clay@outlook.com,RANDOM mchefs,Oakdale Ave,10,Nashua,NH,03062,7164584436,ansq1,ansq2,ansq3
https://www.surveymonkey.com/r/3PKFVVC,DrewryAndres93@outlook.com,RANDOM mchefs,clinton dr,17A yav,Hollis,NH,03049,7300263396,ansq1,ansq2,ansq3
https://www.surveymonkey.com/r/3PKFVVC,pansy.strebeck@outlook.com,RANDOM mchefs,clinton dr,17A yav,Hollis,NH,03049,7178939297,ansq1,ansq2,ansq3
https://www.surveymonkey.com/r/3PKFVVC,mackeymichell@outlook.com,RANDOM mchefs,Brookfield Cir,11,Framingham,MA,01701,7848650911,ansq1,ansq2,ansq3
https://www.surveymonkey.com/r/3PKFVVC,CarmaAshbrook00@outlook.com,RANDOM mchefs,Oakdale Ave,10,Nashua,NH,03062,7886907853,ansq1,ansq2,ansq3
https://www.surveymonkey.com/r/3PKFVVC,RonaldKlipfel78@outlook.com,therealmchefs Cruz,Gold Pan Rd,11234,Charlotte,NC,28215,7510688214,ansq1,ansq2,ansq3
https://www.surveymonkey.com/r/3PKFVVC,portugal.emmaline00@outlook.com,RANDOM mchefs,Brookfield Cir,11,Framingham,MA,01701,7238554335,ansq1,ansq2,ansq3
https://www.surveymonkey.com/r/3PKFVVC,Letha-Sultana@outlook.com,RANDOM mchefs,Brookfield Cir,11,Framingham,MA,01701,7896072805,ansq1,ansq2,ansq3
https://www.surveymonkey.com/r/3PKFVVC,Reemer.Jackelyn@outlook.com,RANDOM mchefs,Oakdale Ave,10,Nashua,NH,03062,7390065761,ansq1,ansq2,ansq3
https://www.surveymonkey.com/r/3PKFVVC,loban.timothy@outlook.com,RANDOM mchefs,Brookfield Cir,11,Framingham,MA,01701,7626138993,ansq1,ansq2,ansq3
https://www.surveymonkey.com/r/3PKFVVC,IvetteOehm@outlook.com,RANDOM mchefs,clinton dr,17A yav,Hollis,NH,03049,7657250505,ansq1,ansq2,ansq3
https://www.surveymonkey.com/r/3PKFVVC,chasgrabenstein@outlook.com,therealmchefs Cruz,Gold Pan Rd,11234,Charlotte,NC,28215,7101841944,ansq1,ansq2,ansq3
https://www.surveymonkey.com/r/3PKFVVC,Horsch-Roman@outlook.com,therealmchefs Cruz,Gold Pan Rd,11234,Charlotte,NC,28215,7743053621,ansq1,ansq2,ansq3
https://www.surveymonkey.com/r/3PKFVVC,Claudio-Damberger@outlook.com,RANDOM mchefs,clinton dr,17A yav,Hollis,NH,03049,7960358392,ansq1,ansq2,ansq3
https://www.surveymonkey.com/r/3PKFVVC,adam.grassi75@outlook.com,RANDOM mchefs,Brookfield Cir,11,Framingham,MA,01701,7787059144,ansq1,ansq2,ansq3
https://www.surveymonkey.com/r/3PKFVVC,Shiloh.Hylle01@outlook.com,RANDOM mchefs,clinton dr,17A yav,Hollis,NH,03049,7031453323,ansq1,ansq2,ansq3
https://www.surveymonkey.com/r/3PKFVVC,capaccinocarolann99@outlook.com,therealmchefs Cruz,Gold Pan Rd,11234,Charlotte,NC,28215,7181325074,ansq1,ansq2,ansq3
https://www.surveymonkey.com/r/3PKFVVC,mica_wolff98@outlook.com,RANDOM mchefs,Brookfield Cir,11,Framingham,MA,01701,7001458883,ansq1,ansq2,ansq3
https://www.surveymonkey.com/r/3PKFVVC,IgnacioSuess@outlook.com,RANDOM mchefs,clinton dr,17A yav,Hollis,NH,03049,7529696995,ansq1,ansq2,ansq3
https://www.surveymonkey.com/r/3PKFVVC,sandness-samuel@outlook.com,therealmchefs Cruz,Gold Pan Rd,11234,Charlotte,NC,28215,7208355569,ansq1,ansq2,ansq3
https://www.surveymonkey.com/r/3PKFVVC,arica_mcgaha@outlook.com,RANDOM mchefs,clinton dr,17A yav,Hollis,NH,03049,7157571799,ansq1,ansq2,ansq3
https://www.surveymonkey.com/r/3PKFVVC,enriquekwasny95@outlook.com,therealmchefs Cruz,Gold Pan Rd,11234,Charlotte,NC,28215,7984974597,ansq1,ansq2,ansq3
https://www.surveymonkey.com/r/3PKFVVC,esteban-oksen98@outlook.com,RANDOM mchefs,clinton dr,17A yav,Hollis,NH,03049,7612848693,ansq1,ansq2,ansq3
https://www.surveymonkey.com/r/3PKFVVC,Junita-Stepney@outlook.com,RANDOM mchefs,Brookfield Cir,11,Framingham,MA,01701,7498367852,ansq1,ansq2,ansq3
https://www.surveymonkey.com/r/3PKFVVC,SharellTant94@outlook.com,RANDOM mchefs,Brookfield Cir,11,Framingham,MA,01701,7655013570,ansq1,ansq2,ansq3
https://www.surveymonkey.com/r/3PKFVVC,ErickBroersma@outlook.com,RANDOM mchefs,Oakdale Ave,10,Nashua,NH,03062,7869613313,ansq1,ansq2,ansq3
https://www.surveymonkey.com/r/3PKFVVC,Riopel.Alma99@outlook.com,RANDOM mchefs,Brookfield Cir,11,Framingham,MA,01701,7746979289,ansq1,ansq2,ansq3
https://www.surveymonkey.com/r/3PKFVVC,johnie_bisagna85@outlook.com,RANDOM mchefs,Oakdale Ave,10,Nashua,NH,03062,7962083634,ansq1,ansq2,ansq3
https://www.surveymonkey.com/r/3PKFVVC,demarcussylva@outlook.com,RANDOM mchefs,Brookfield Cir,11,Framingham,MA,01701,7230550135,ansq1,ansq2,ansq3
https://www.surveymonkey.com/r/3PKFVVC,RexSecker96@outlook.com,therealmchefs Cruz,Gold Pan Rd,11234,Charlotte,NC,28215,7078508708,ansq1,ansq2,ansq3
https://www.surveymonkey.com/r/3PKFVVC,Selman-Arron90@outlook.com,RANDOM mchefs,clinton dr,17A yav,Hollis,NH,03049,7921862072,ansq1,ansq2,ansq3
https://www.surveymonkey.com/r/3PKFVVC,yostenthea@outlook.com,therealmchefs Cruz,Gold Pan Rd,11234,Charlotte,NC,28215,7915053970,ansq1,ansq2,ansq3
https://www.surveymonkey.com/r/3PKFVVC,earnest.pilotte@outlook.com,RANDOM mchefs,Brookfield Cir,11,Framingham,MA,01701,7418226895,ansq1,ansq2,ansq3
https://www.surveymonkey.com/r/3PKFVVC,Cuoco_Geoffrey@outlook.com,RANDOM mchefs,Oakdale Ave,10,Nashua,NH,03062,7632759805,ansq1,ansq2,ansq3
https://www.surveymonkey.com/r/3PKFVVC,gerry-sipkema90@outlook.com,RANDOM mchefs,Brookfield Cir,11,Framingham,MA,01701,7965682473,ansq1,ansq2,ansq3
https://www.surveymonkey.com/r/3PKFVVC,MedusScarlett@outlook.com,therealmchefs Cruz,Gold Pan Rd,11234,Charlotte,NC,28215,7903499972,ansq1,ansq2,ansq3
https://www.surveymonkey.com/r/3PKFVVC,prince_mordan93@outlook.com,RANDOM mchefs,Brookfield Cir,11,Framingham,MA,01701,7435777165,ansq1,ansq2,ansq3
https://www.surveymonkey.com/r/3PKFVVC,DurtschiLizzie@outlook.com,therealmchefs Cruz,Gold Pan Rd,11234,Charlotte,NC,28215,7977327268,ansq1,ansq2,ansq3
https://www.surveymonkey.com/r/3PKFVVC,Sandy_Allan@outlook.com,RANDOM mchefs,Brookfield Cir,11,Framingham,MA,01701,7760773799,ansq1,ansq2,ansq3
https://www.surveymonkey.com/r/3PKFVVC,Phillip.Bugna@outlook.com,RANDOM mchefs,Brookfield Cir,11,Framingham,MA,01701,7596403819,ansq1,ansq2,ansq3
https://www.surveymonkey.com/r/3PKFVVC,leedybrain99@outlook.com,RANDOM mchefs,Brookfield Cir,11,Framingham,MA,01701,7635890527,ansq1,ansq2,ansq3
https://www.surveymonkey.com/r/3PKFVVC,Ropp-Vito@outlook.com,RANDOM mchefs,Brookfield Cir,11,Framingham,MA,01701,7348877300,ansq1,ansq2,ansq3
https://www.surveymonkey.com/r/3PKFVVC,peter_schellhorn02@outlook.com,RANDOM mchefs,Oakdale Ave,10,Nashua,NH,03062,7741731020,ansq1,ansq2,ansq3
https://www.surveymonkey.com/r/3PKFVVC,lamont_youkers99@outlook.com,RANDOM mchefs,Oakdale Ave,10,Nashua,NH,03062,7742572389,ansq1,ansq2,ansq3
https://www.surveymonkey.com/r/3PKFVVC,KendrickBiscocho@outlook.com,therealmchefs Cruz,Gold Pan Rd,11234,Charlotte,NC,28215,7473587885,ansq1,ansq2,ansq3
https://www.surveymonkey.com/r/3PKFVVC,jordan.dun03@outlook.com,therealmchefs Cruz,Gold Pan Rd,11234,Charlotte,NC,28215,7775358709,ansq1,ansq2,ansq3
https://www.surveymonkey.com/r/3PKFVVC,Therese.Enomoto93@outlook.com,RANDOM mchefs,Brookfield Cir,11,Framingham,MA,01701,7908204831,ansq1,ansq2,ansq3
https://www.surveymonkey.com/r/3PKFVVC,IgnacioStorlie@outlook.com,RANDOM mchefs,Brookfield Cir,11,Framingham,MA,01701,7105503097,ansq1,ansq2,ansq3
https://www.surveymonkey.com/r/3PKFVVC,Wallace_Giuliano@outlook.com,RANDOM mchefs,Brookfield Cir,11,Framingham,MA,01701,7608789187,ansq1,ansq2,ansq3
https://www.surveymonkey.com/r/3PKFVVC,keenan_section02@outlook.com,RANDOM mchefs,clinton dr,17A yav,Hollis,NH,03049,7689066035,ansq1,ansq2,ansq3
https://www.surveymonkey.com/r/3PKFVVC,shirley_worlie87@outlook.com,RANDOM mchefs,clinton dr,17A yav,Hollis,NH,03049,7362967924,ansq1,ansq2,ansq3
https://www.surveymonkey.com/r/3PKFVVC,ohaver_jenell@outlook.com,therealmchefs Cruz,Gold Pan Rd,11234,Charlotte,NC,28215,7790544596,ansq1,ansq2,ansq3
https://www.surveymonkey.com/r/3PKFVVC,micha_reagin94@outlook.com,therealmchefs Cruz,Gold Pan Rd,11234,Charlotte,NC,28215,7644182119,ansq1,ansq2,ansq3
https://www.surveymonkey.com/r/3PKFVVC,WeaklandDiann94@outlook.com,RANDOM mchefs,Oakdale Ave,10,Nashua,NH,03062,7909810580,ansq1,ansq2,ansq3
https://www.surveymonkey.com/r/3PKFVVC,chebretmike@outlook.com,RANDOM mchefs,Oakdale Ave,10,Nashua,NH,03062,7245562519,ansq1,ansq2,ansq3
https://www.surveymonkey.com/r/3PKFVVC,celestinaweier91@outlook.com,RANDOM mchefs,Oakdale Ave,10,Nashua,NH,03062,7872200545,ansq1,ansq2,ansq3
https://www.surveymonkey.com/r/3PKFVVC,seth_carrao@outlook.com,RANDOM mchefs,clinton dr,17A yav,Hollis,NH,03049,7797056193,ansq1,ansq2,ansq3
https://www.surveymonkey.com/r/3PKFVVC,KeenanPacetti@outlook.com,RANDOM mchefs,Oakdale Ave,10,Nashua,NH,03062,7855323196,ansq1,ansq2,ansq3
https://www.surveymonkey.com/r/3PKFVVC,mcneer_indira@outlook.com,therealmchefs Cruz,Gold Pan Rd,11234,Charlotte,NC,28215,7425474952,ansq1,ansq2,ansq3
https://www.surveymonkey.com/r/3PKFVVC,Silas_Maruscak@outlook.com,RANDOM mchefs,clinton dr,17A yav,Hollis,NH,03049,7390835280,ansq1,ansq2,ansq3
https://www.surveymonkey.com/r/3PKFVVC,Torma.Erik00@outlook.com,RANDOM mchefs,Brookfield Cir,11,Framingham,MA,01701,7228130147,ansq1,ansq2,ansq3
https://www.surveymonkey.com/r/3PKFVVC,Zandra_Hornes94@outlook.com,therealmchefs Cruz,Gold Pan Rd,11234,Charlotte,NC,28215,7014886906,ansq1,ansq2,ansq3
https://www.surveymonkey.com/r/3PKFVVC,Poch.Ivory@outlook.com,RANDOM mchefs,clinton dr,17A yav,Hollis,NH,03049,7759319197,ansq1,ansq2,ansq3
https://www.surveymonkey.com/r/3PKFVVC,Aills.Aaron@outlook.com,RANDOM mchefs,Oakdale Ave,10,Nashua,NH,03062,7929322684,ansq1,ansq2,ansq3
https://www.surveymonkey.com/r/3PKFVVC,brian-teranishi@outlook.com,RANDOM mchefs,clinton dr,17A yav,Hollis,NH,03049,7728629862,ansq1,ansq2,ansq3
https://www.surveymonkey.com/r/3PKFVVC,FindleyDominick91@outlook.com,RANDOM mchefs,clinton dr,17A yav,Hollis,NH,03049,7545124748,ansq1,ansq2,ansq3
https://www.surveymonkey.com/r/3PKFVVC,hernandes_dee@outlook.com,therealmchefs Cruz,Gold Pan Rd,11234,Charlotte,NC,28215,7112196689,ansq1,ansq2,ansq3
https://www.surveymonkey.com/r/3PKFVVC,Jonah-Mingus@outlook.com,RANDOM mchefs,Brookfield Cir,11,Framingham,MA,01701,7566997392,ansq1,ansq2,ansq3
https://www.surveymonkey.com/r/3PKFVVC,MarianJacocks@outlook.com,RANDOM mchefs,clinton dr,17A yav,Hollis,NH,03049,7893709500,ansq1,ansq2,ansq3
https://www.surveymonkey.com/r/3PKFVVC,Tyrone_Bean00@outlook.com,RANDOM mchefs,Oakdale Ave,10,Nashua,NH,03062,7116285378,ansq1,ansq2,ansq3
https://www.surveymonkey.com/r/3PKFVVC,Palmira_Tellman@outlook.com,therealmchefs Cruz,Gold Pan Rd,11234,Charlotte,NC,28215,7916822450,ansq1,ansq2,ansq3
https://www.surveymonkey.com/r/3PKFVVC,Mcdewitt.Brinda@outlook.com,RANDOM mchefs,Brookfield Cir,11,Framingham,MA,01701,7795744215,ansq1,ansq2,ansq3
https://www.surveymonkey.com/r/3PKFVVC,wilbercrapp99@outlook.com,RANDOM mchefs,Oakdale Ave,10,Nashua,NH,03062,7545798434,ansq1,ansq2,ansq3
https://www.surveymonkey.com/r/3PKFVVC,Kuen.Morton90@outlook.com,RANDOM mchefs,Oakdale Ave,10,Nashua,NH,03062,7460671520,ansq1,ansq2,ansq3
https://www.surveymonkey.com/r/3PKFVVC,crall.bambi@outlook.com,RANDOM mchefs,clinton dr,17A yav,Hollis,NH,03049,7840071944,ansq1,ansq2,ansq3
https://www.surveymonkey.com/r/3PKFVVC,Levers_Eugenia96@outlook.com,RANDOM mchefs,clinton dr,17A yav,Hollis,NH,03049,7945827624,ansq1,ansq2,ansq3
https://www.surveymonkey.com/r/3PKFVVC,hovden-lashonda91@outlook.com,RANDOM mchefs,clinton dr,17A yav,Hollis,NH,03049,7551861528,ansq1,ansq2,ansq3
https://www.surveymonkey.com/r/3PKFVVC,Lindsay.Friedler84@outlook.com,RANDOM mchefs,Brookfield Cir,11,Framingham,MA,01701,7365705275,ansq1,ansq2,ansq3
https://www.surveymonkey.com/r/3PKFVVC,Derrick.Sunde@outlook.com,RANDOM mchefs,clinton dr,17A yav,Hollis,NH,03049,7202172947,ansq1,ansq2,ansq3
https://www.surveymonkey.com/r/3PKFVVC,MarkRounsville@outlook.com,therealmchefs Cruz,Gold Pan Rd,11234,Charlotte,NC,28215,7201332161,ansq1,ansq2,ansq3
https://www.surveymonkey.com/r/3PKFVVC,Lanze_Piedad@outlook.com,RANDOM mchefs,Oakdale Ave,10,Nashua,NH,03062,7211009409,ansq1,ansq2,ansq3
https://www.surveymonkey.com/r/3PKFVVC,AundreaTsau94@outlook.com,RANDOM mchefs,clinton dr,17A yav,Hollis,NH,03049,7560453614,ansq1,ansq2,ansq3
https://www.surveymonkey.com/r/3PKFVVC,jon_trowel@outlook.com,RANDOM mchefs,Oakdale Ave,10,Nashua,NH,03062,7973899407,ansq1,ansq2,ansq3
https://www.surveymonkey.com/r/3PKFVVC,damianantle@outlook.com,RANDOM mchefs,clinton dr,17A yav,Hollis,NH,03049,7797215199,ansq1,ansq2,ansq3
https://www.surveymonkey.com/r/3PKFVVC,elise-patock@outlook.com,RANDOM mchefs,Brookfield Cir,11,Framingham,MA,01701,7919597529,ansq1,ansq2,ansq3
https://www.surveymonkey.com/r/3PKFVVC,balonek-sherlyn90@outlook.com,RANDOM mchefs,Oakdale Ave,10,Nashua,NH,03062,7014944038,ansq1,ansq2,ansq3
https://www.surveymonkey.com/r/3PKFVVC,dahlquist_lindsy83@outlook.com,RANDOM mchefs,Oakdale Ave,10,Nashua,NH,03062,7085352880,ansq1,ansq2,ansq3
https://www.surveymonkey.com/r/3PKFVVC,fumiko_blade90@outlook.com,therealmchefs Cruz,Gold Pan Rd,11234,Charlotte,NC,28215,7630027547,ansq1,ansq2,ansq3
https://www.surveymonkey.com/r/3PKFVVC,RinaMarchbanks@outlook.com,therealmchefs Cruz,Gold Pan Rd,11234,Charlotte,NC,28215,7047552801,ansq1,ansq2,ansq3
https://www.surveymonkey.com/r/3PKFVVC,ruzich-noah87@outlook.com,therealmchefs Cruz,Gold Pan Rd,11234,Charlotte,NC,28215,7753063797,ansq1,ansq2,ansq3
https://www.surveymonkey.com/r/3PKFVVC,ruh_anamaria@outlook.com,RANDOM mchefs,Brookfield Cir,11,Framingham,MA,01701,7611433149,ansq1,ansq2,ansq3
https://www.surveymonkey.com/r/3PKFVVC,cavanahmellie@outlook.com,RANDOM mchefs,Oakdale Ave,10,Nashua,NH,03062,7022917274,ansq1,ansq2,ansq3
https://www.surveymonkey.com/r/3PKFVVC,vavraangelique02@outlook.com,RANDOM mchefs,clinton dr,17A yav,Hollis,NH,03049,7493970730,ansq1,ansq2,ansq3
https://www.surveymonkey.com/r/3PKFVVC,jenae-loepp91@outlook.com,therealmchefs Cruz,Gold Pan Rd,11234,Charlotte,NC,28215,7905451944,ansq1,ansq2,ansq3
https://www.surveymonkey.com/r/3PKFVVC,Rocky_Gilvin@outlook.com,RANDOM mchefs,clinton dr,17A yav,Hollis,NH,03049,7881816862,ansq1,ansq2,ansq3
https://www.surveymonkey.com/r/3PKFVVC,wire-nu76@outlook.com,RANDOM mchefs,Brookfield Cir,11,Framingham,MA,01701,7971022260,ansq1,ansq2,ansq3
https://www.surveymonkey.com/r/3PKFVVC,Boben-Brandon90@outlook.com,therealmchefs Cruz,Gold Pan Rd,11234,Charlotte,NC,28215,7919486869,ansq1,ansq2,ansq3
https://www.surveymonkey.com/r/3PKFVVC,dion_mullice@outlook.com,RANDOM mchefs,Brookfield Cir,11,Framingham,MA,01701,7653553944,ansq1,ansq2,ansq3
https://www.surveymonkey.com/r/3PKFVVC,Denoia.Claribel@outlook.com,therealmchefs Cruz,Gold Pan Rd,11234,Charlotte,NC,28215,7260145300,ansq1,ansq2,ansq3
https://www.surveymonkey.com/r/3PKFVVC,schleisman_vance01@outlook.com,therealmchefs Cruz,Gold Pan Rd,11234,Charlotte,NC,28215,7364787259,ansq1,ansq2,ansq3
https://www.surveymonkey.com/r/3PKFVVC,willian_silvis@outlook.com,RANDOM mchefs,clinton dr,17A yav,Hollis,NH,03049,7621059888,ansq1,ansq2,ansq3
https://www.surveymonkey.com/r/3PKFVVC,Eric-Donayre83@outlook.com,RANDOM mchefs,Brookfield Cir,11,Framingham,MA,01701,7435626735,ansq1,ansq2,ansq3
https://www.surveymonkey.com/r/3PKFVVC,Harthorne-Jammie@outlook.com,RANDOM mchefs,Brookfield Cir,11,Framingham,MA,01701,7827031985,ansq1,ansq2,ansq3
https://www.surveymonkey.com/r/3PKFVVC,divina-buikema@outlook.com,RANDOM mchefs,Oakdale Ave,10,Nashua,NH,03062,7504373450,ansq1,ansq2,ansq3
https://www.surveymonkey.com/r/3PKFVVC,Eden-Reas92@hotmail.com,RANDOM mchefs,Brookfield Cir,11,Framingham,MA,01701,7242478698,ansq1,ansq2,ansq3
https://www.surveymonkey.com/r/3PKFVVC,galdon_teressa@outlook.com,RANDOM mchefs,Brookfield Cir,11,Framingham,MA,01701,7231340736,ansq1,ansq2,ansq3
https://www.surveymonkey.com/r/3PKFVVC,mitchell_parara@outlook.com,RANDOM mchefs,Oakdale Ave,10,Nashua,NH,03062,7688709392,ansq1,ansq2,ansq3
https://www.surveymonkey.com/r/3PKFVVC,Mihalkovic.Daniella76@hotmail.com,RANDOM mchefs,Brookfield Cir,11,Framingham,MA,01701,7474585882,ansq1,ansq2,ansq3
https://www.surveymonkey.com/r/3PKFVVC,Piantanida-Zachary@outlook.com,RANDOM mchefs,clinton dr,17A yav,Hollis,NH,03049,7669227629,ansq1,ansq2,ansq3
https://www.surveymonkey.com/r/3PKFVVC,Charney-Malcom@outlook.com:aBKDsPByu9!:Malcom,therealmchefs Cruz,Gold Pan Rd,11234,Charlotte,NC,28215,7604433049,ansq1,ansq2,ansq3
https://www.surveymonkey.com/r/3PKFVVC,bemberry_hiram@hotmail.com,RANDOM mchefs,clinton dr,17A yav,Hollis,NH,03049,7053973882,ansq1,ansq2,ansq3
https://www.surveymonkey.com/r/3PKFVVC,HuttenDarrin@outlook.com,RANDOM mchefs,Oakdale Ave,10,Nashua,NH,03062,7776579963,ansq1,ansq2,ansq3
https://www.surveymonkey.com/r/3PKFVVC,silvey.sunny@outlook.com,therealmchefs Cruz,Gold Pan Rd,11234,Charlotte,NC,28215,7793836349,ansq1,ansq2,ansq3
https://www.surveymonkey.com/r/3PKFVVC,darwin_jolla88@hotmail.com,RANDOM mchefs,Brookfield Cir,11,Framingham,MA,01701,7075860757,ansq1,ansq2,ansq3
https://www.surveymonkey.com/r/3PKFVVC,friebel.fermin@outlook.com,RANDOM mchefs,clinton dr,17A yav,Hollis,NH,03049,7197493203,ansq1,ansq2,ansq3
https://www.surveymonkey.com/r/3PKFVVC,schmitz_judie94@outlook.com,RANDOM mchefs,Brookfield Cir,11,Framingham,MA,01701,7864081220,ansq1,ansq2,ansq3
https://www.surveymonkey.com/r/3PKFVVC,Rosalinda.Feickert83@hotmail.com,therealmchefs Cruz,Gold Pan Rd,11234,Charlotte,NC,28215,7423748825,ansq1,ansq2,ansq3
https://www.surveymonkey.com/r/3PKFVVC,aliza-speraw@outlook.com,RANDOM mchefs,Oakdale Ave,10,Nashua,NH,03062,7417975522,ansq1,ansq2,ansq3
https://www.surveymonkey.com/r/3PKFVVC,kikkert-roberto@outlook.com,therealmchefs Cruz,Gold Pan Rd,11234,Charlotte,NC,28215,7210615387,ansq1,ansq2,ansq3
https://www.surveymonkey.com/r/3PKFVVC,Luke_Widdowson@hotmail.com,RANDOM mchefs,Brookfield Cir,11,Framingham,MA,01701,7582496130,ansq1,ansq2,ansq3
https://www.surveymonkey.com/r/3PKFVVC,Laine_Galaz99@outlook.com,RANDOM mchefs,Oakdale Ave,10,Nashua,NH,03062,7746990269,ansq1,ansq2,ansq3
https://www.surveymonkey.com/r/3PKFVVC,Alvin-Kulakowski@outlook.com,therealmchefs Cruz,Gold Pan Rd,11234,Charlotte,NC,28215,7535585332,ansq1,ansq2,ansq3
https://www.surveymonkey.com/r/3PKFVVC,Maciak.Raymundo93@hotmail.com,RANDOM mchefs,Oakdale Ave,10,Nashua,NH,03062,7906976773,ansq1,ansq2,ansq3
https://www.surveymonkey.com/r/3PKFVVC,Kymberly-Nealer@outlook.com,RANDOM mchefs,Brookfield Cir,11,Framingham,MA,01701,7063223007,ansq1,ansq2,ansq3
https://www.surveymonkey.com/r/3PKFVVC,Wojtas-Deangelo@outlook.com,therealmchefs Cruz,Gold Pan Rd,11234,Charlotte,NC,28215,7472644206,ansq1,ansq2,ansq3
https://www.surveymonkey.com/r/3PKFVVC,Shawnta_Trigueiro@hotmail.com,RANDOM mchefs,Oakdale Ave,10,Nashua,NH,03062,7643429610,ansq1,ansq2,ansq3
https://www.surveymonkey.com/r/3PKFVVC,Balentine-Alline@outlook.com,therealmchefs Cruz,Gold Pan Rd,11234,Charlotte,NC,28215,7222094334,ansq1,ansq2,ansq3
https://www.surveymonkey.com/r/3PKFVVC,Limber.Lauran@outlook.com,RANDOM mchefs,clinton dr,17A yav,Hollis,NH,03049,7753266569,ansq1,ansq2,ansq3
https://www.surveymonkey.com/r/3PKFVVC,bromagen.hoa81@hotmail.com,RANDOM mchefs,Oakdale Ave,10,Nashua,NH,03062,7809277804,ansq1,ansq2,ansq3
https://www.surveymonkey.com/r/3PKFVVC,ashly_stickel91@outlook.com,RANDOM mchefs,Oakdale Ave,10,Nashua,NH,03062,7560273291,ansq1,ansq2,ansq3
https://www.surveymonkey.com/r/3PKFVVC,Jose-Mcbeath90@outlook.com,RANDOM mchefs,Brookfield Cir,11,Framingham,MA,01701,7366331121,ansq1,ansq2,ansq3
https://www.surveymonkey.com/r/3PKFVVC,nia_mearing@hotmail.com,RANDOM mchefs,Brookfield Cir,11,Framingham,MA,01701,7517090153,ansq1,ansq2,ansq3
https://www.surveymonkey.com/r/3PKFVVC,timmerhollis@outlook.com,RANDOM mchefs,Oakdale Ave,10,Nashua,NH,03062,7570617404,ansq1,ansq2,ansq3
https://www.surveymonkey.com/r/3PKFVVC,archie-bong96@outlook.com,RANDOM mchefs,clinton dr,17A yav,Hollis,NH,03049,7557353121,ansq1,ansq2,ansq3
https://www.surveymonkey.com/r/3PKFVVC,Hollis-Flieller@hotmail.com,therealmchefs Cruz,Gold Pan Rd,11234,Charlotte,NC,28215,7283521748,ansq1,ansq2,ansq3
https://www.surveymonkey.com/r/3PKFVVC,bronwyn_stachurski@outlook.com,therealmchefs Cruz,Gold Pan Rd,11234,Charlotte,NC,28215,7272184126,ansq1,ansq2,ansq3
https://www.surveymonkey.com/r/3PKFVVC,prester.irwin@outlook.com,RANDOM mchefs,Oakdale Ave,10,Nashua,NH,03062,7193125778,ansq1,ansq2,ansq3
https://www.surveymonkey.com/r/3PKFVVC,dorisdelellis98@hotmail.com,RANDOM mchefs,Oakdale Ave,10,Nashua,NH,03062,7184391514,ansq1,ansq2,ansq3
https://www.surveymonkey.com/r/3PKFVVC,tom-shields@outlook.com,RANDOM mchefs,clinton dr,17A yav,Hollis,NH,03049,7247508071,ansq1,ansq2,ansq3
https://www.surveymonkey.com/r/3PKFVVC,Young.Walsworth94@outlook.com,therealmchefs Cruz,Gold Pan Rd,11234,Charlotte,NC,28215,7684716417,ansq1,ansq2,ansq3
https://www.surveymonkey.com/r/3PKFVVC,HaegerJulius@hotmail.com,therealmchefs Cruz,Gold Pan Rd,11234,Charlotte,NC,28215,7996303997,ansq1,ansq2,ansq3
https://www.surveymonkey.com/r/3PKFVVC,Mauricio.Underdue@outlook.com,RANDOM mchefs,Oakdale Ave,10,Nashua,NH,03062,7516406895,ansq1,ansq2,ansq3
https://www.surveymonkey.com/r/3PKFVVC,scharp.veola@outlook.com,RANDOM mchefs,Oakdale Ave,10,Nashua,NH,03062,7283747730,ansq1,ansq2,ansq3
https://www.surveymonkey.com/r/3PKFVVC,lipsitz_son01@hotmail.com,RANDOM mchefs,Oakdale Ave,10,Nashua,NH,03062,7150702640,ansq1,ansq2,ansq3
https://www.surveymonkey.com/r/3PKFVVC,Hannam-Dione95@outlook.com,RANDOM mchefs,Brookfield Cir,11,Framingham,MA,01701,7735620553,ansq1,ansq2,ansq3
https://www.surveymonkey.com/r/3PKFVVC,trey_duclo93@outlook.com,RANDOM mchefs,Oakdale Ave,10,Nashua,NH,03062,7950663044,ansq1,ansq2,ansq3
https://www.surveymonkey.com/r/3PKFVVC,luisa_emdee@hotmail.com,therealmchefs Cruz,Gold Pan Rd,11234,Charlotte,NC,28215,7543916684,ansq1,ansq2,ansq3
https://www.surveymonkey.com/r/3PKFVVC,JohannaMuzio02@outlook.com,RANDOM mchefs,clinton dr,17A yav,Hollis,NH,03049,7911488579,ansq1,ansq2,ansq3
https://www.surveymonkey.com/r/3PKFVVC,Lingafelt-Granville@outlook.com,RANDOM mchefs,Oakdale Ave,10,Nashua,NH,03062,7687232768,ansq1,ansq2,ansq3
https://www.surveymonkey.com/r/3PKFVVC,arntzleroy@hotmail.com,RANDOM mchefs,clinton dr,17A yav,Hollis,NH,03049,7145050719,ansq1,ansq2,ansq3
https://www.surveymonkey.com/r/3PKFVVC,Ralph_Norviel@outlook.com,RANDOM mchefs,Oakdale Ave,10,Nashua,NH,03062,7330896887,ansq1,ansq2,ansq3
https://www.surveymonkey.com/r/3PKFVVC,berry-dobrowski91@outlook.com,therealmchefs Cruz,Gold Pan Rd,11234,Charlotte,NC,28215,7350930577,ansq1,ansq2,ansq3
https://www.surveymonkey.com/r/3PKFVVC,pecci-milo@hotmail.com,RANDOM mchefs,clinton dr,17A yav,Hollis,NH,03049,7776050111,ansq1,ansq2,ansq3
https://www.surveymonkey.com/r/3PKFVVC,millican-demetrius00@outlook.com,RANDOM mchefs,Oakdale Ave,10,Nashua,NH,03062,7088942725,ansq1,ansq2,ansq3
https://www.surveymonkey.com/r/3PKFVVC,devon-henn@outlook.com,therealmchefs Cruz,Gold Pan Rd,11234,Charlotte,NC,28215,7273550739,ansq1,ansq2,ansq3
https://www.surveymonkey.com/r/3PKFVVC,Hartzer-Cathrine@hotmail.com,RANDOM mchefs,Oakdale Ave,10,Nashua,NH,03062,7302660092,ansq1,ansq2,ansq3
https://www.surveymonkey.com/r/3PKFVVC,Stephanie_Tilley@outlook.com,therealmchefs Cruz,Gold Pan Rd,11234,Charlotte,NC,28215,7429640537,ansq1,ansq2,ansq3
https://www.surveymonkey.com/r/3PKFVVC,steve.fredregill@outlook.com,RANDOM mchefs,Oakdale Ave,10,Nashua,NH,03062,7849435066,ansq1,ansq2,ansq3
https://www.surveymonkey.com/r/3PKFVVC,marking_janice@hotmail.com,RANDOM mchefs,Brookfield Cir,11,Framingham,MA,01701,7918590505,ansq1,ansq2,ansq3
https://www.surveymonkey.com/r/3PKFVVC,Edgerton-Geri96@outlook.com,RANDOM mchefs,clinton dr,17A yav,Hollis,NH,03049,7344621620,ansq1,ansq2,ansq3
https://www.surveymonkey.com/r/3PKFVVC,graham.hundley94@outlook.com,therealmchefs Cruz,Gold Pan Rd,11234,Charlotte,NC,28215,7806985359,ansq1,ansq2,ansq3
https://www.surveymonkey.com/r/3PKFVVC,merideth.quicho@hotmail.com,RANDOM mchefs,Oakdale Ave,10,Nashua,NH,03062,7810823961,ansq1,ansq2,ansq3
https://www.surveymonkey.com/r/3PKFVVC,WoutersMelita@outlook.com,therealmchefs Cruz,Gold Pan Rd,11234,Charlotte,NC,28215,7579744637,ansq1,ansq2,ansq3
https://www.surveymonkey.com/r/3PKFVVC,kory-yamagata@outlook.com,therealmchefs Cruz,Gold Pan Rd,11234,Charlotte,NC,28215,7734608630,ansq1,ansq2,ansq3
https://www.surveymonkey.com/r/3PKFVVC,AureaZannino@hotmail.com,therealmchefs Cruz,Gold Pan Rd,11234,Charlotte,NC,28215,7112386987,ansq1,ansq2,ansq3
https://www.surveymonkey.com/r/3PKFVVC,seabrook-scottie@outlook.com,RANDOM mchefs,Brookfield Cir,11,Framingham,MA,01701,7073844676,ansq1,ansq2,ansq3
https://www.surveymonkey.com/r/3PKFVVC,FerneKalfas@outlook.com,RANDOM mchefs,clinton dr,17A yav,Hollis,NH,03049,7293720306,ansq1,ansq2,ansq3
https://www.surveymonkey.com/r/3PKFVVC,NobleWease88@hotmail.com,therealmchefs Cruz,Gold Pan Rd,11234,Charlotte,NC,28215,7971896380,ansq1,ansq2,ansq3
https://www.surveymonkey.com/r/3PKFVVC,Marlon.Vas01@outlook.com,therealmchefs Cruz,Gold Pan Rd,11234,Charlotte,NC,28215,7020118781,ansq1,ansq2,ansq3
https://www.surveymonkey.com/r/3PKFVVC,chrisco_margherita@outlook.com,RANDOM mchefs,Oakdale Ave,10,Nashua,NH,03062,7797763292,ansq1,ansq2,ansq3
https://www.surveymonkey.com/r/3PKFVVC,ranee_risse@hotmail.com,therealmchefs Cruz,Gold Pan Rd,11234,Charlotte,NC,28215,7101890762,ansq1,ansq2,ansq3
https://www.surveymonkey.com/r/3PKFVVC,ErkerJarred@outlook.com,RANDOM mchefs,clinton dr,17A yav,Hollis,NH,03049,7844986376,ansq1,ansq2,ansq3
https://www.surveymonkey.com/r/3PKFVVC,Jimmie_Deveny@outlook.com,RANDOM mchefs,clinton dr,17A yav,Hollis,NH,03049,7097443459,ansq1,ansq2,ansq3
https://www.surveymonkey.com/r/3PKFVVC,toleston.carlita02@hotmail.com,therealmchefs Cruz,Gold Pan Rd,11234,Charlotte,NC,28215,7188273165,ansq1,ansq2,ansq3
https://www.surveymonkey.com/r/3PKFVVC,haymore.santiago@outlook.com,RANDOM mchefs,Oakdale Ave,10,Nashua,NH,03062,7647431413,ansq1,ansq2,ansq3
https://www.surveymonkey.com/r/3PKFVVC,JulianneGlasscock@outlook.com,RANDOM mchefs,clinton dr,17A yav,Hollis,NH,03049,7779431577,ansq1,ansq2,ansq3
https://www.surveymonkey.com/r/3PKFVVC,archie-chacon@hotmail.com,RANDOM mchefs,Oakdale Ave,10,Nashua,NH,03062,7884011527,ansq1,ansq2,ansq3
https://www.surveymonkey.com/r/3PKFVVC,Kawell_Elden@outlook.com,RANDOM mchefs,clinton dr,17A yav,Hollis,NH,03049,7154163930,ansq1,ansq2,ansq3
https://www.surveymonkey.com/r/3PKFVVC,SydneyHornsby@outlook.com,RANDOM mchefs,Oakdale Ave,10,Nashua,NH,03062,7634442347,ansq1,ansq2,ansq3
https://www.surveymonkey.com/r/3PKFVVC,avril-toby86@hotmail.com,RANDOM mchefs,Brookfield Cir,11,Framingham,MA,01701,7267156959,ansq1,ansq2,ansq3
https://www.surveymonkey.com/r/3PKFVVC,pinal-cletus@outlook.com,RANDOM mchefs,Brookfield Cir,11,Framingham,MA,01701,7906054588,ansq1,ansq2,ansq3
https://www.surveymonkey.com/r/3PKFVVC,Tynisha.Santio@outlook.com,RANDOM mchefs,Oakdale Ave,10,Nashua,NH,03062,7292910276,ansq1,ansq2,ansq3
https://www.surveymonkey.com/r/3PKFVVC,Roman-Bessix84@hotmail.com,therealmchefs Cruz,Gold Pan Rd,11234,Charlotte,NC,28215,7278473425,ansq1,ansq2,ansq3
https://www.surveymonkey.com/r/3PKFVVC,LukasiewiczKimberley93@outlook.com,RANDOM mchefs,Brookfield Cir,11,Framingham,MA,01701,7554174047,ansq1,ansq2,ansq3
https://www.surveymonkey.com/r/3PKFVVC,Fenix-Joshua@outlook.com,RANDOM mchefs,Oakdale Ave,10,Nashua,NH,03062,7791119849,ansq1,ansq2,ansq3
https://www.surveymonkey.com/r/3PKFVVC,leo-labreche96@hotmail.com,therealmchefs Cruz,Gold Pan Rd,11234,Charlotte,NC,28215,7183945658,ansq1,ansq2,ansq3
https://www.surveymonkey.com/r/3PKFVVC,pfeuffercoleman@outlook.com,RANDOM mchefs,clinton dr,17A yav,Hollis,NH,03049,7646120456,ansq1,ansq2,ansq3
https://www.surveymonkey.com/r/3PKFVVC,Imada_Marianna@outlook.com,RANDOM mchefs,Oakdale Ave,10,Nashua,NH,03062,7470705671,ansq1,ansq2,ansq3
https://www.surveymonkey.com/r/3PKFVVC,onan-delmar@hotmail.com,RANDOM mchefs,Brookfield Cir,11,Framingham,MA,01701,7902565142,ansq1,ansq2,ansq3
https://www.surveymonkey.com/r/3PKFVVC,FeldhausFelton99@outlook.com,RANDOM mchefs,Oakdale Ave,10,Nashua,NH,03062,7601184730,ansq1,ansq2,ansq3
https://www.surveymonkey.com/r/3PKFVVC,Prodoehl-Tona90@outlook.com,RANDOM mchefs,Oakdale Ave,10,Nashua,NH,03062,7142884958,ansq1,ansq2,ansq3
https://www.surveymonkey.com/r/3PKFVVC,shirar_shani98@hotmail.com,RANDOM mchefs,Oakdale Ave,10,Nashua,NH,03062,7602507981,ansq1,ansq2,ansq3
https://www.surveymonkey.com/r/3PKFVVC,Julian.Lieurance02@outlook.com,RANDOM mchefs,clinton dr,17A yav,Hollis,NH,03049,7205672346,ansq1,ansq2,ansq3
https://www.surveymonkey.com/r/3PKFVVC,skinklemorton90@outlook.com,RANDOM mchefs,Oakdale Ave,10,Nashua,NH,03062,7755960254,ansq1,ansq2,ansq3
https://www.surveymonkey.com/r/3PKFVVC,bussa.taunya@hotmail.com,RANDOM mchefs,clinton dr,17A yav,Hollis,NH,03049,7970163308,ansq1,ansq2,ansq3
https://www.surveymonkey.com/r/3PKFVVC,alwan-alease00@outlook.com,RANDOM mchefs,Brookfield Cir,11,Framingham,MA,01701,7105143510,ansq1,ansq2,ansq3
https://www.surveymonkey.com/r/3PKFVVC,friedle-leroy@outlook.com,therealmchefs Cruz,Gold Pan Rd,11234,Charlotte,NC,28215,7187829592,ansq1,ansq2,ansq3
https://www.surveymonkey.com/r/3PKFVVC,odell.stones@hotmail.com,therealmchefs Cruz,Gold Pan Rd,11234,Charlotte,NC,28215,7866823990,ansq1,ansq2,ansq3
https://www.surveymonkey.com/r/3PKFVVC,promise_russel@outlook.com,therealmchefs Cruz,Gold Pan Rd,11234,Charlotte,NC,28215,7721387327,ansq1,ansq2,ansq3
https://www.surveymonkey.com/r/3PKFVVC,bolinderalessandra97@outlook.com,RANDOM mchefs,Brookfield Cir,11,Framingham,MA,01701,7352320291,ansq1,ansq2,ansq3
https://www.surveymonkey.com/r/3PKFVVC,PanellaMinna@hotmail.com,RANDOM mchefs,clinton dr,17A yav,Hollis,NH,03049,7710819442,ansq1,ansq2,ansq3
https://www.surveymonkey.com/r/3PKFVVC,Lanuza_Jackson@outlook.com,RANDOM mchefs,Oakdale Ave,10,Nashua,NH,03062,7046292776,ansq1,ansq2,ansq3
https://www.surveymonkey.com/r/3PKFVVC,Froats-Rolf@outlook.com,therealmchefs Cruz,Gold Pan Rd,11234,Charlotte,NC,28215,7715245909,ansq1,ansq2,ansq3
https://www.surveymonkey.com/r/3PKFVVC,Dallas-Woodburg93@hotmail.com,RANDOM mchefs,Oakdale Ave,10,Nashua,NH,03062,7498738481,ansq1,ansq2,ansq3
https://www.surveymonkey.com/r/3PKFVVC,ellangansert@outlook.com,therealmchefs Cruz,Gold Pan Rd,11234,Charlotte,NC,28215,7923514806,ansq1,ansq2,ansq3
https://www.surveymonkey.com/r/3PKFVVC,grimme.jackeline@outlook.com,RANDOM mchefs,Oakdale Ave,10,Nashua,NH,03062,7129929104,ansq1,ansq2,ansq3
https://www.surveymonkey.com/r/3PKFVVC,TschirhartDuane@hotmail.com,therealmchefs Cruz,Gold Pan Rd,11234,Charlotte,NC,28215,7173317964,ansq1,ansq2,ansq3
